ID,kashmiri_text
1,سۄ ٲس اکھ حقیقی وژن وٲلۍ۔
2,بہٕ چھس پرٛٮ۪تھ دۄہ پنٛنس سکوُلس منٛز گژھان۔
3,تُہۍ چھِو وقت ضائع کرن وول۔
4,تٔمہِ اوس تٔمِس پنٛنہِ زِندگی سۭتۍ متٲثر کٔرمٕژ۔
5,کٲنہِ تہِ چھنہٕ زانان زِ سُہ چُھ کُنہِ پٮ۪ٹھٕ آمُت۔
6,یِم چھِ انسٲنی فطرتٕچ کینٛہہ حقیقت۔
7,تمن چُھ رجحان پسند گژھن تہٕ اصلی مقصد آسُن۔
8,تُہۍ کٔنۍ ہیٚکِو تٔمِس یِتھ کٔنہِ گٔژھِتھ؟
9,یہ چھ اکھ بالٕچ لاک۔
10,تمس چھ عظیم اقدار۔
11,سۄ ٲس گلاب کیپس منٛز خوبصورت۔
12,أمس چھ اکھ کمرہ یتھ منٛز اکھ بستر چھ۔
13,ساروٕے کھۄتہٕ قریبی پوسٹ آفس چھُ یتہٕ؟
14,تٔمۍ سٕنٛدِس کمرس منٛز اوس ویٹرن خوبصورت۔
15,بہٕ چھس تۄہہ یقین دِوان زِ کٲم چھِ کرنہٕ یِوان۔
16,یہِ قٲیِم چُھنہٕ وۄنۍ کٲم کرن وول۔
17,زنانن ہنٛدین معاملن پٮ۪ٹھ پنن سوچ اپ ڈیٹ کرنُک وقت چھُ۔
18,"اغوا کرن والین کوٚر تٔمۍ سٕنٛدس خاندانس پٮ۪ٹھ 2,00,000 روٗپیہ فدیہ طلب۔"
19,سٹرک چھ منتقل گژھن شروع کران۔
20,تمس اوس شہرس منٛز اکھ فورس۔
21,سۄ چھےٚ پانٛژ فٗٹ بوٚڑ۔
22,مےٚ کٔر میچ زیننہٕ خٲطرٕ پنن سطحٕچ بہترین کوشش۔
23,سۄ ٲس نہٕ ینہٕ یژھان۔
24,خاندٲنی جائیداد آیہ تقسیم کرنہٕ۔
25,تٔمِس کٔرِو صحیح پٲٹھۍ خدمت، سۄ چھےٚ مستقبلٕچ ملکہ۔
26,ڈاکٹرن کٔر تٔمۍ سٕنٛدِ بلاڈر ہٹاونہٕ ۔
27,سۄ چُھ گٲرِس ظٲلمی پٲٹھۍ علاج کران۔
28,تٔمۍ کٔر شہر پیٹھہٕ پرواز۔
29,تٔمۍ سُنٛد کردار اوس ذہنی تہٕ متٲثر۔
30,طالب علمن چھ ہاسٹل تر٘اونہٕ یوان ۔
31,تٔمۍ کٔر اکھ اولاد جنم یُس مرد اوس۔
32,تمس چھ اکھ کامل سوئنگ۔
33,پریشانی حل کرن وول چُھ نہٕ مسلہٕ طے کرنس قٲبل۔
34,سُہ چُھ جنگلس منٛز دٲخل گژھنہٕ برٛونٛہہ بٔڑین سڑکن پار کران۔
35,آتش فشاں سرگرمی ہٕنٛدۍ چھ پانٛژ اہم قٕسم۔
36,سُہ چُھ پنُن خیال ثٲبت کرنٕچ کوٗشش کران۔
37,مہربٲنی کٔرِو پنٕنۍ باتھ روم حفظان صحت مند تھٲوِو۔
38,سکول گٔژھنہٕ برٛونٛہہ کٔرِو پنٛنہِ جوتاہٕ صحیح پٲٹھۍ پالش۔
39,تِمَن گژھِ گۄڈٕ زخمَن پٮ۪ٹھ پلو لگاونہٕ یِوان۔
40,تٔمۍ سٕنٛز ساروٕے کھۄتہٕ زیٛادٕ طاقت چھےٚ تٔمہِ سٕنٛدۍ ادراک۔
41,مےٚ چھ حکامس سۭتۍ گھرس منٛز کٲم کرنہٕ خٲطرٕ اکھ انتظام کٔرمٕژ۔
42,وٗنہِ چُھ سُہ بیرون ملک کٲم کران۔
43,گۄنٛٹہٕ کٔرِو صحیح پٲٹھۍ مِل۔
44,تٔمِس بٲڑِس کٔرِو نہٕ ژھٲرِتھ ۔
45,مےٚ ہیٚکہ نہٕ سُنِتھ زِ تِم کیا چِھ ونان تِکیازِ تم ٲسہِ شور وباران۔
46,تِمو کٔر بُلند آوازس منٛز پنٕنۍ مطالبہٕ پیش۔
47,فلمہ ہٕنٛز آواز تہٕ تصویر چھ ہم وقت گژھنٕچ ضرورت۔
48,تٔمۍ سُنٛد رنگ چُھ سفید۔
49,اَمہِ گٔیہِ باغَس منٛز أکِس ٹارٹُلَس لَبنہٕ۔
50,ہم چھ أکس خوبصورت ولاہس منٛز آباد۔
51,بہٕ اوس نہٕ صرف مایوس، بہٕ ٲسس مکمل طور تباہ۔
52,تٔمۍ کٔر بحرانس اچھی پٲٹھۍ مقابلہٕ۔
53,اسہِ ہٮ۪کہِ اضافی سامان تہِ نِنہٕ یِنٗك ضروُرت آسِتھ ۔
54,مےٚ چھ اکھ شاندار خیال۔
55,پینس چِھ تیلہٕ ملاوِتھ ۔
56,گامٕکۍ لوُکھ ٲسہِ رہنما سٕنٛدِس آمدس پیٹھ خوش۔
57,کینژن چھ خدشات ز ٹیکسس منٛز اضافہٕ کر معیشت کمزور۔
58,یِم سٲری چھِ واریاہ غریب ۔
59,آبُک بہاؤ کنٹرول کرنہٕ خٲطرٕ آو دریاوَس پٮ۪ٹھ اکھ ویر بناونہٕ۔
60,تٔمۍ سٕنٛدۍ ماجہ ٲس أمس پٮ۪ٹھ محتاط نظر تھاوان۔
61,فوجس خٲطرٕ اوس اکھ عزم دشمنس سۭتۍ لڑنہٕ مشکل۔
62,شُرۍ چھِ خانٛدانس منٛز پھٕلہِ ہِنٛدۍ پٲٹھۍ۔
63,شہزادٕ ایڈورڈ سنٛد خانٛدر اوس ساسہٕ لُکن وُچھمُت۔
64,گھرٕچ فرش چھ صاف تھونہٕ یوان۔
65,تٔمۍ کٔر گاڑٕ ڈرائیورس ادا۔
66,مےٚ چھ آن لائن لائبریری تام رسائی۔
67,فوج کٔر راتس دوران دریاو پار۔
68,استاد سُنٛد بیان اوس ناراض۔
69,یہ نٔو چپکٲیی ہیٚکہ دھات شیشس سۭتۍ جوڑتھ۔
70,تٔمۍ کٔر جادو شو خٲطرٕ مفت ٹکٹ حٲصل۔
71,سہ چھ اکھ اصل بولر۔
72,تٔمۍ کٔر صُبح پٮ۪ٹھٕ شامس تام کٲم۔
73,کتابہٕ چھِ پرنٛٹنگ پریسَس منٛز پرٛنٛٹ کرنہٕ یِوان۔
74,أمس چھ تہنٛد اعتماد تہٕ استقامت پسند۔
75,بہٕ گوٚو پننِس امتحان کِس نتیجہٕ سۭتۍ واریاہ مایوس۔
76,موسم روُد خوشقسمتۍ پٲٹھۍ اچھا۔
77,أمس چھ موسیقی خٲطرٕ شوق۔
78,سُہ چُھ پارٹی ہُنٛد وفادار حٲمِل۔
79,توقع چھ ز سۄ کر اتھ جایہٕ پٮ۪ٹھ وقٲتی دورٕ۔
80,تِہنٛدِ کشتی گٔیہِ دریاوَس منٛز نیران۔
81,احتیاط کٔرِو زِ تُہۍ کتھ ونان چھِو تِکیازِ سُہ چھُ مُتعلِق۔
82,سُہ چُھ امہِ علاقُک مالک، لہاذا چھِ پرٛٮ۪تھ کُن تٔمِس فرمانبردار گژھنہٕ یِوان۔
83,تٔمۍ سُنٛد پُرت چھُ کُنہِ تام تھرڈ بےٚر۔
84,تٔمۍ کٔر گریجویشنس منٛز آرٹس کورس۔
85,مےٚ اوس گٮ۪ٹھ خشک تہٕ بہٕ کٔرِو آبٕچ اکھ لٹہٕ۔
86,جھوٹ بولن چھ اکھ فن۔
87,خوشگوار یاد چھ زیٛادٕ روزان۔
88,ڈاکٹر آو دِنہٕ وول وقتس پیٹھ۔
89,یِمَن ہُند وٲحد خدشٕ چھُ شُرین ہُنٛد فلاح و بہبود۔
90,سپاہن آو مشق خٲطرٕ زمینس پیٹھ موجود گژھنہٕ خٲطرٕ وننہٕ۔
91,سُہ چُھ زیادٕ تہٕ زیادٕ منافع حٲصل کرن یژھان۔
92,تِمو کٔر لیکنگ چھتٕچ پیچ کرنٕچ کوٗشش۔
93,تٔمۍ کوٚر پننین احساسن واریاہ واضح پٲٹھۍ اظہار۔
94,مےٚ تھٲوِو مضبوط ۔
95,مےٚ چھ پننس جیبس منٛز بیس پاؤنڈ۔
96,آل انڈیا ایسٹرنل کانفرنس چھےٚ جٲری۔
97,یمن دۄن واقعن درمیان چھنہٕ کانٛہہ تعلق۔
98,فرش صاف کٔرِو۔
99,بہٕ چھس پرٛٮ۪تھ دۄہ سکوُلس گژھان۔
100,تنقید کرن والین کوٚر کتابن ہنٛد نوٹس تہٕ کٔرِو ریویو۔
101,یہ چھ از مسلمانن خٲطرٕ اکھ تہوار۔
102,مےٚ چھ کینٛہہ خام تیل ضروٗرت۔
103,مےٚ کٔرِ تٔمۍ سٕنٛدِ خٲطرٕ گارنٹی۔
104,تۄہہِ کٔرِو یہِ مشق زِ تُہۍ چھِو تبٲہی کران۔
105,بظاہر چھ تم کینٛہہ وقتہٕ شہر ترٛاونہٕ آمت۔
106,چورس اوس پُلیٖسہٕ وٲلۍ گٔمٕژ۔
107,تٔمۍ کٔر کالجس منٛز تھیولوجی ہنٛد مطالعہٕ۔
108,یِم نارنجَن منٛز چھِ فطری مٹھاس۔
109,تٔمۍ دِیُت ہمس اکھ روشن خیال۔
110,پرٛژھ چھُ کُلہِ پٮ۪ٹھ أکِس بٲنِس پیپ کران۔
111,پوسٹ آفس چُھ یتہٕ کٮ۪ن دور؟
112,تنظیمس سۭتۍ ٲسۍ تٔمۍ سٕنٛدۍ رشتہٕ کم آسان۔
113,سُہ چُھ اتھ عمارتس منٛز اکھ نگہبان۔
114,کنٹرول پینلس منٛز نقص کہ وجہ سۭتۍ چُھ جہازس وسطس منٛز لینڈنگ کرُن۔
115,ییلہِ زَن تِم ہسپتالَس منٛز چھِ، چھِ شُرین تعلیم دِنہٕ باپت اکھ ٹیوٹر۔
116,گاس ٲس گیسہٕ ۔
117,کابینہ منٛز چھ سفید مٲلۍ۔
118,تمو کٔر ٹرالی پیٹھ کمرس منٛز ناشتہٕ۔
119,یِمَن افواہَن پٮ۪ٹھ یقین کرُن آسہِ بے وقوف ۔
120,تٔمۍ وُچھ زوَس منٛز اکھ ہیر۔
121,مےٚ ہیٚکہ تُہنٛد بیگ تھٲوِتھ میڈم؟
122,سُہ اوس تھکاوٹ تہٕ پریشان۔
123,تٔمۍ چھ پنن پان خوفس منٛز پھینکمت۔
124,دۄہِ جمہوریہَس پٮ۪ٹھ آیہِ آتش فشاں ہُنٛد مظٲہرٕ کرنہٕ۔
125,پریشان نہٕ کٔرِو، پرٛٮ۪تھ چُھ ٹھیک گژھِتھ۔
126,تٔمۍ کٔر یہ بورو کُن حٲصل؟
127,اَمہِ گَرِ چھُ کُلَن سۭتۍ گھِرِتھ ۔
128,خراب صحت ہیٚکہ کامیاب گژھنس منٛز رکاوٹ بنِتھ۔
129,گریڈ بی تہٕ زیادٕ چھ تسلی بخش ماننہٕ یوان۔
130,سُہ چُھ پننہِ غٲر شکرگزاری خٲطرٕ پرٛیتھ کٲنسہِ طرفہٕ ناپسند گژھان۔
131,تٔمۍ کٔر پننِس زینٛدنہٕ دۄہ فینسیز حٲصِل۔
132,یِم گاڑین ہُند بندوق چھُ کٲفی حفاظتی۔
133,سۄ چِھ ہمیشہٕ تٔمِس سٕتۍ بلند آوازس منٛز کتھ کران۔
134,بہٕ ہیٚکہٕ کیتھ پٲٹھۍ ایئر فیلڈس تام وٲتِتھ۔
135,سٹیشنس نزدیک گوٚو ٹرینٕچ رفتار کم۔
136,کتھ قٕسمٕچ نٹہٕ چھےٚ کار ریلوے ٹریکس پٮ۪ٹھ ترٛاونہٕ یوان؟
137,مےٚ چھ تہنٛز ٹای پسند۔
138,سۄ ہیٚکہ کُنہِ تہِ دۄہ واتِتھ۔
139,سہ چھ فرمس منٛز اکھ سینئر پوزیشن حٲصِل کران۔
140,اَکہِ رِپہٕ آیہِ تمہِ وِزِ أکِس کٔنہِ پتھَس پٮ۪ٹھ رلان ۔
141,مےٚ چھ پٔتمہِ دہٲیی ہٕنٛدۍ سالانہٕ رپورٹہٕ وُچھنٕچ ضرورت۔
142,تِم کٔر تٔمِس أکِس گاڑٕ کِس بٔٹھس منٛز تھٲوِتھ۔
143,مندر چھ عبادت خٲطرٕ اکھ اصل جایہ۔
144,آرٹ میوزیم چُھ پرٛٮ۪تھ دۄہ کھۄل آسان؟
145,دہشت گردن ہنٛد مقصد چُھ لوکن خوفزدہ کرن۔
146,چوری گٔیہِ بٔڈِس دۄہ کِس رٲژس منٛز۔
147,پولیسن کٔر مجرمس مارنہٕ خٲطرٕ ٹرنچیونُک استعمال۔
148,کُلن ہٕنٛز اکھ گٔڈ آبٲدی کٔر خانہٕ فٲصلہٕ۔
149,پولیسن کٔر قتل کیسٕچ تفصیل جمع کرنہٕ خٲطرٕ اشارٕ جمع۔
150,أکِس رپورٹرَن کوٚر یہِ دٔلیٖل بیان۔
151,از چھُ کیہہ تٲریخ؟
152,مےٚ دوست چھ صرف ہسپتالہٕ پٮ۪ٹھٕ آمت۔
153,کمزورَن ہُنٛد ذبح کٔرِو نہٕ ۔
154,تٔمۍ سٕنٛز ساروٕے کھۄتہٕ بوٚڑ خصوٗصیٖت ٲس تٔمہِ سٕنٛدِس معاون نوعیت۔
155,سُہ چُھ ساروٕے کھۄتہٕ زیادٕ کریڈٹ وٲلۍ نفر ماننہٕ یوان۔
156,أمس چھ یقینی طور پونٛسہٕچ ضروٗرت۔
157,تٔمِس چُھ پٮ۪ٹھ بٔرِتھ ۔
158,مےٚ چھ خیال ز یہ چھ کافی۔
159,ہندوستٲنہِ ٹیمَن کوٚر فاینلس منٛز آسٹریلویَن مُقابلہٕ۔
160,پہاڑی پیٹھ چڑھن والین چھ پننہ منزلہٕ تام واتنہٕ خٲطرٕ واریاہ زیٹھ لٹہٕ کٔرتھ کرناوان۔
161,تٔمۍ سُنٛد جواب اوس واریاہ مختصر۔
162,تٔمہِ چِھ اکھ لۄکٕٹہِ شِین ۔
163,تمس اوس یورپس پٮ۪ٹھ غٲر پسند۔
164,سُہ چُھ اکثر پننِس خانٛدانس پیٹھ ظلم کران ۔
165,امہِ خطہٕ پٮ۪ٹھٕ چھِ پوٗرٕ دُنیاہَس منٛز ایپل کٔرمٕژ۔
166,واٹر کورس چھُ خشک گژھان۔
167,تمام طالب علمن ہٗند مقصد گژھِ باقین کھۄتہٕ زیادٕ آسان ۔
168,اتھ بندوقس چھ اکھ زیٹھ بور آسان۔
169,مےٚ چھُنہٕ یہِ مانان۔ تٔمۍ کوٚر شرارت سان جواب۔
170,ڈاکٹر چھ پننین مریضن سۭتۍ واریاہ صبر کران۔
171,مےٚ ووٚن یہ فلم ویڈیو ٹیپس پیٹھ۔
172,مےٚ چھٗ تپھ تھرمومیٹرس سۭتۍ ناپان ۔
173,یہ اوس پولیس تہٕ فوجٕچ مشترکہ آپریشن۔
174,میون ماجہ کوٚر مےٚ صرف یہ پیشہٕ منتخب کرنہٕ خٲطرٕ حوصلہٕ افزٲیی۔
175,یہٕ واقعہٕ چُھ ریکارڈ کرنہٕ یِوان۔
176,تٔمۍ کوٚر تنازلس منٛز تمام معاملن ہنٛد سرد تشخیص۔
177,اَمہِ ریتہٕ خٲطرٕ چھِ یِمَن ہُنٛد مَقدار کٲفی۔
178,پھلن ہٕنٛدۍ قٲمت چھ مختلف جایہٕ پیٹھہٕ مختلف آسان۔
179,سکوُلن کوٚر سالانہٕ دۄہ مٲلِس دعوت۔
180,تٔمہِ چِھ تحقیق مکمل کرنہٕ خٲطرٕ پننِس پانہٕ کٲم کٔرمٕژ۔
181,تٔمۍ کوٚر تمن فضیلت مند تہٕ محنت کش لوٗکن ہٕنٛدس طورس پٮ۪ٹھ بیان۔
182,سُہ چُھ عملی کامن منٛز بہتر۔
183,سُہ چُھ خۄش، گۄڈٕ شخص۔
184,فرشس اکھ اچھی صفٲئی دِیو۔
185,سُہ چُھ پرسنل ڈیپارٹمنٹس منٛز کٲم کران۔
186,بہٕ چھس پننس مٲلس وقف۔
187,بہٕ ہیٚکہ نہٕ صرف ٹونس منٛز گیون!
188,پیچرز چھ بیس بالس منٛز واریاہ اہم کردار ادا کران۔
189,استاد ہیٚکہ نہٕ تۄہہ امتحانن منٛز کامیاب گژھنٕچ ضمانت دنِتھ۔
190,مےٚ گوٚو پننِس فِلَن ہٕنٛدِس سفرُک لطف۔
191,تٔمۍ دِیُت واریاہ زورٕ سٕتۍ دۄشوٕنی لٹہٕ۔
192,مونک آو اکھ دھوکہ دٲری پٲدٕ لبنہٕ۔
193,تٔمۍ کوٚر نامناسب زبان استعمال کرنہٕ خٕلاف اعتراض۔
194,باقی مُلکَن منٛز کٔرنہٕ برٛونٛہہ چُھ تیل بیرل کرنہٕ یِوان۔
195,مےٚ چھُ اَکھ گلاب لبنہٕ آمُت یُس اَمیُک عین مطابق میچ چھُ یَتھ یَس گۄڈٕ تہِ چھُ۔
196,تِمو کٔر واریاہن رٮ۪چھَن ہُنٛد جال۔
197,یہِ چُھ تٔمۍ سٕنٛدِ خاندٲنی تجارت، یُس نسلن پیٹھہٕ نسلن تام منتقل گژھان چُھ۔
198,گاڑٕ خریدنہٕ وِزِ کتھہِ خصوصیتہٕ چھِو تُہۍ وُچھان۔
199,اَمہِ ریتہٕ چُھ سُہ پیرس منٛز پنٛنہِ خالہِ ہُنٛد دورٕ کران۔
200,تٔمۍ سُنٛد گھر چھُ واریاہ بوٚڑ۔
201,چھٹی کٔر ہمس واشنگٹن گژھنک موقعہٕ۔
202,ییٚلہ سُہ کھڑا اوس، تٔمِس گوٚو اکھ ٹِنٛگ۔
203,ادارن منٛز چھ تعلیمی معیار مختلف آسان۔
204,صحافی چھ اکھ دلچسپ نسل۔
205,استادن کٔر لڑکِس تھپھ ۔
206,مریم آیہِ گلٲوۍ رنگٕکۍ جامہٕ پٮ۪ٹھ پارٹی منٛز۔
207,سُہ گوٚو بطور ٹرینر کمپنی منٛز شٲمل۔
208,تُہنٛد تعاون خٲطرٕ چھِ واریاہ شکریہ۔
209,بہٕ کٔر نہٕ یہ زہر کھٮ۪وان۔
210,سُہ چُھ تٲریخس پٮ۪ٹھ واریاہ باخبر۔
211,معجزہٕ کٔر پرٛیتھ کٲنٛسہٕ بے کلام۔
212,تۄہہ کٔر یہ کاغذ کُن تھٲوِتھ؟
213,کشیدگی ٲس ناقابل برداشت ۔
214,سپاہن چھ مقام بدلنہٕ ورٲے گٲنٛٹہٕ کھڑا روزان۔
215,تٔمۍ سُنٛد مٲل چھُ اکھ کلرک۔
216,تم چھ گامس منٛز اکھ نوٚو سکول بناوان۔
217,جنگلی جانورن بچاونہٕ خٲطرٕ چھ کوششہٕ کرنہٕ یوان۔
218,ماہی گیرس اوس آب و ہوا سۭتۍ شکستہٕ آمُت بٲتھ۔
219,سُہ چُھ تٲریخس پٮ۪ٹھ واریاہ باخبر۔
220,سۄ چھےٚ أکس غریب طبقس سۭتۍ تعلق تھاوان۔
221,ایلومینیم چھ اکھ جامع دھات۔
222,تٔمۍ سٕنٛدس رنگس منٛز اوس گولڈ کوٹنگ۔
223,بہٕ چھس ٹرینن ہٕنٛدس وقتس متعلق اکھ انکوائری کرنہٕ یژھان۔
224,پاین درخت چھ سرد شمٲلی علاقن منٛز لبنہٕ یوان تہٕ چھ فرنیچر بناونہٕ خٲطرٕ استعمال یوان کرنہٕ۔
225,یہ چھ اکھ نو دریافت کرنہٕ آمُت سیارہ۔
226,تاج محل چھ سنگ مرمر سۭتۍ بناونہٕ آمت۔
227,میون ماجہ چھ عام طور ہفتہٕ دۄہ اکھ خاص پکوان تیار کران۔
228,مھربٲنی کرِو پونٛسہٕ منتقل کٔرِو۔
229,تٔمۍ کٔر مےٚ نظر۔
230,تمام نمبر جمع کٔرِو۔
231,یہِ شرط چھِ مینیجنگ کمیٹی ہٕنٛز منظوری ہِنٛدِ تابع۔
232,سۄ ہیٚکہ کل تام فائل حٲصل کٔرتھ۔
233,مہربٲنی کٔرِو پنٕنۍ کھلٲڑۍ دور تھٲوِو۔
234,سۄ چھ مےٚ ناپسند کران، تہٕ برعکس۔
235,یہِ کٲم چھُ عام طور زنانہٕ ترجیح دِوان۔
236,ثبوتہٕ ورٲے ہیٚکن ہم صرف یہ اندازٕ لگٲوِتھ زِ کُنہِ چیز ٲس غلط۔
237,اتھ کوریڈورٕچ چوڑائی چھ ٲٹھ فٹ۔
238,بیٚیہ زٕ نکات گژھن لیکچر پٮ۪ٹھٕ کٔرِتھ۔
239,تٔمۍ کٔر پننِس مٲلِس مسترد۔
240,تِہنٛدِس کٲمِس چھِ ہفتہٕ وار چیک کرنہٕ یِوان۔
241,تٔمس چِھ پننس بٲتھس پٮ۪ٹھ اکھ نمایاں پِمبل۔
242,شہرٕچہِ تقاضٕ پورٕ کرنہٕ خٲطرٕ چھنہٕ دستیاب لوڈ کٲفی۔
243,بہٕ چھس نہٕ سُہ ذٲتی طور زانان۔
244,سُہ گوٚو اکھ روایتی ماحولس منٛز بڑان۔
245,مےٚ چھ پانٛژہٕ موجود۔
246,تٔمۍ کٔر اَمہِ ہُنٛد انتظار کرنہٕ خٲطرٕ دۄشوٕنی طرفہٕ کُن ۔
247,بہٕ چھس خوش۔
248,سُہ اوس چھٹی ہِنٛدِس دورس خٲطرٕ پنُن سامان بناوان۔
249,کانٛہہ تہ ہیٚکہ احاطس منٛز وٲتِتھ ۔
250,تٔمۍ کٔر پوٗرٕ تہٕ گوٚو واپس بس سٹیشنس تام۔
251,آبٕکۍ چیسٹنٹ چھ واریاہ نازک۔
252,یم تمام ٹرسٹی شپ آیہ آہستہٕ آہستہ جاپٲنی حکمرانی منٛز واپس کرنہٕ۔
253,نگہداشت کرن والین کٔر مرد نیران ۔
254,تِم چھِ پنٛنہِ بٲتھ رنگ کرنہٕ خٲطرٕ ورمیلیونُک استعمال کران۔
255,چڑھنے وٲلۍ ہیٚکو نہٕ چوٹس تام واتنس منٛز ناکام۔
256,کتھ کٔرِتھ کوٚر تٔمۍ پنٕنۍ الفاظ بہتر۔
257,یہِ چُھ تہنٛدِس شرٹس خٲطرٕ اکھ اصل رنگ۔
258,بہٕ کٔرِس دۄہ بییہِ کوشش۔
259,زنانن چھ پننہ آزادی خٲطرٕ لڑان۔
260,واریاہن لوکن ووٚن یہ فلم۔
261,میون لیپ ٹاپ چھ میون کمپیوٹر کھوتہٕ واریاہ تیز پروسیس کران۔
262,گاو چھ فرینگائٹس سۭتۍ مبتلا۔
263,سٹیڈیم چھ شہر کس زیٛادٕ شمٲلی حصس منٛز۔
264,تۄہہِ چِھ کۄنہِ کھٮ۪نہٕ یژھان؟
265,مےٚ دوستس چھ انتہائی حساس کان۔
266,فوج آو بطور دفاعی فورس تعینات کرنہٕ۔
267,ناپسندیدٕ نتائج چھ یمن غلط تصورن سۭتۍ گژھان۔
268,بہٕ چھس واریاہ پریشان۔
269,جہاز اوس بندرگاہس پیٹھ جھکتھ۔
270,پولیس چھ پننس معاشرس منٛز اکھ اہم کردار ادا کران۔
271,مےٚ کوٚر دستاویزٕچ واریاہ نقل۔
272,سکولن منٛز چھ کمپیوٹر نصابس منٛز شٲمل۔
273,ہمیں چھ صنعتس منٛز جدت افزٲیی کرنٕچ ضرورت۔
274,سُہ چُھ اکھ واریاہ موثر نفر۔
275,اَمہِ پٮ۪ٹھ گوٚو اکھ گرٛڈٕ پھٗٹِتھ ۔
276,تُہۍ کٔرِو مےٚ خٲطرٕ شراب بنٲوِتھ؟
277,پننین قوتن تہٕ کمزورین جاننہٕ چھ اچھا۔
278,یہ چھ صرف پونٛسہٕ ضائع کرنہٕ۔
279,مےٚ چھ گلاب علاوٕ تقریبا تمام رنگ پسند۔
280,تمس آو اکھ تحفہٕ واؤچر دنہٕ ۔
281,سُہ چُھ اکھ عقلمند تہٕ ذہین دوست۔
282,کیا چائے چھ اتھ کھینس منٛز شٲمل؟
283,شاندار طالب علمن ہٕنٛدۍ مٲلس چھ تمن پٮ۪ٹھ ہمیشہ فخر محسوس کران۔
284,شُرٮ۪ن اوس اصل کٲم کران ۔
285,اگر ہم لوٗکھ گرم کٔرِتھ تیٚلہِ چھُ یہِ رۄڈٕ گژھان۔
286,تٔمہِ چِھ واریاہ قسمٕکۍ پلو ۔
287,رشتہٕ چِھ اعتمادس پیٹھ بناونہٕ یِوان۔
288,مےٚ چُھ گۄڈٕ کڑنٕچ ضرورت۔
289,تُہۍ چھِو بچس خوف زدہ کران۔
290,سُہ چُھ بے فضیلت۔
291,ہم ٲسہِ 10 ؤرین منٛز دۄگنہِ لٹہِ تِمَن ہُنٛد دورٕ کران۔
292,سرجنن ہٕنٛدۍ چاقو گٔیہ مریض سٕنٛدس جسمس منٛز گٔژھتھ۔
293,مےٚ کٔر أکس بوٚڑس سڑکہٕ پار کرنہٕ خٲطرٕ مدد۔
294,پرٛٲنۍ مشین کٔر سخت تھٲوِتھ ییٚلہِ یہِ أکس ریتہٕ کِس وقتس منٛز وقفہٕ پتہٕ چلاونہٕ آیہِ۔
295,سہ آو مےٚ پننس دفترس منٛز أکس کاروبٲرۍ تجاویزس سۭتۍ وٕچھنہٕ۔
296,تِم چھِ پنٛنٮ۪ن حقوقن پٮ۪ٹھ لٹان۔
297,مےٚ چھ پننس نیچو حسن ناو دنہٕ آمت۔
298,یقینی طور گژھِ اسہِ متعلق کُنہِ کٔرِتھ؟
299,تٔمۍ کٔر ٹیسٹس منٛز ترٛیٚیم مقام۔
300,تٔمہِ ووٚن تٔمِس سامان کُن تھٲوِتھ۔
301,تٔمۍ کٔر پنن پان نوٚو پلو پٮ۪ٹھ۔
302,لالچ چھُ اکھ گناہ۔
303,ٹیلی فونَس دِیوُت اکھ ٹِکِل۔
304,تٔمۍ دیت فوجس صبحس پیٹھ حملہٕ کرنک حکم۔
305,مہمانن ہُند استقبال کرُن چھُ رواج۔
306,تٔمۍ کٔر مےٚ افسوسٕچ دٔلیٖل سنی۔
307,مےٚ گوٚو پنُن بیگ۔
308,تِم گوٚو شبنمس وقتہٕ ۔
309,سُہ اوس پنٛنِس باس سٕنٛدِ طرفہٕ گۄڈٕ ونانس پیٹھ ناراض۔
310,نٔوِ طالب علمن ہُند فصل چھُ موثر ۔
311,سُہ چُھنہٕ وۄنۍ تکلیف سہان۔
312,تٔمۍ سٕنٛدِ بے وقوف تبصرٕ کٔر مےٚ شرارت۔
313,بہٕ چھس ایم پی ہک مقٲمی۔
314,مےٚ کوٚر پننِس ماجہِ سٕتہِ مَنٛز یِنہٕ خٲطرٕ وٲلۍ مگر تٔمۍ کوٚر نہٕ کانٛہہ نوٹس۔
315,یہِ پروجیکٹ چھٗ ڈبلیو ایچ او سٕنٛدِ طرفہٕ مٲلی رقم فراہم كرنہٕ آمٗت ۔
316,ہمیشہٕ کٔرِو سینئرن احترام۔
317,یہ مشاہدٕ چُھ تقریباً اکھ حقیقت۔
318,سۄ چھ اکھ خوشحال کاروبار چلاوان۔
319,تٔمہِ کٔر تٔمِس وُچھنہٕ خٲطرٕ پنُن پُکُر۔
320,توہہِ کٔرِو یہِ گاڑِ ٹریک کرِتھ؟
321,تمس آو سرد استقبال دِنہٕ ۔
322,تِمَو منٛز اوس نہٕ کانٛہہ تہِ بوٚڑ۔
323,مہمانن آو گرمجوشی سان استقبال کرنہٕ۔
324,خدا چُھ امہ کائناتک تخلیق کار۔
325,یہِ چھُ تٔمۍ سُنٛد ذٲتی کٲم۔
326,سۄ ٲس غمَس منٛز روان ۔
327,پنٕنۍ کٲم کرنہٕ خٲطرٕ چھ ہمس زیادٕ وقت باقی۔
328,لوٗکن ہنٛد اخلاقیاتک معیار چھ بڑان۔
329,ییٚلہِ سپاہ سٕنٛز لاش کھٔرِنہٕ آیہِ، لوٗکن منٛز گوٚو بٲتھ۔
330,تٔمۍ کٔر پنٛنس سامانس پٮ۪ٹھ اکھ تار لگاونہٕ۔
331,بہٕ چھس اکھ قالین خریدٕنۍ یژھان۔
332,خانٛدر تہٕ دامادَن کٔرِ نذرس مُقابلہٕ۔
333,وار ہارس اوس پٔتمس سیزنس منٛز زبردست۔
334,تُہۍ کٔرِو کتھہِ کھۄتہٕ زیادٕ خرچ کرنُک حساب۔
335,جہاز گوٚو سیلاب کہ وجہ سۭتۍ سمندرس منٛز۔
336,امہ پتہٕ کوٚر انسٹرکٹرن بیاکھ رضاکارٕچ درخواست۔
337,پلاسٹک چیزن ہنٛز قیمت چھ دھات کین چیزن کھوتہٕ سستی آسان۔
338,بہٕ چھس پننٮ۪ن شُرین پیٹھ فخر۔
339,تۄہہِ چُھ ژٔنٛٹہِ مٗلبوسہٕ حٲصِل کرُن ۔
340,ییلہٕ ؤرۍ ختم گژھنس قریب چُھ، تٲریخ چِھ تبدیل گژھان۔
341,یہ اوس اکھ خوبصورت آبشار۔
342,سُہ اوس سرکش، ذہنیت تہٕ پننس پانس پٮ۪ٹھ یقین۔
343,بہٕ چھس تٔمۍ سٕنٛز کارکردگی سۭتۍ واریاہ متٲثر۔
344,اَمہِ چیزَن درمیان کٔرِو یِمَن ہُنٛد موازنہٕ۔
345,پولس منٛز ٲسۍ زیادٕ رٮ۪چھ۔
346,سُہ چُھ پنٛنس شعبس منٛز اکھ ماہر۔
347,زلزلہٕ کہ وجہ سۭتۍ گٔیہ عمارت ٹوٹ۔
348,صبحُک سوُنُن چُھ جسمَس خٲطرٕ اہم۔
349,صدر سٕنٛدِس ہدایتس تحت آو اکھ نٔو کونسل قٲیم کرنہٕ۔
350,سۄ ٲس واریاہ لۄکُٹ۔
351,تُہۍ ہیٚکِو کُنہِ تہِ دُکانَس منٛز واٹر کلور حٲصِل کٔرتھ۔
352,مرن وٲلۍ انسانن دیت پننس نیچو برکت۔
353,واریاہ لوٗکھ چھِ پرٛیتھ دۄہ اتھ مندرس منٛز یوان۔
354,سپروائزرَن کٔر تٔمِس کامہَس پٮ۪ٹھ نشہٕ نشہِ ظٲہِر گژھنہٕ پتہٕ رخصت۔
355,سُہ آو خاندٲنی وراثت سۭتۍ محروم کرنہٕ۔
356,پُلیٖسَن کٔر لوٗکَن ڈایکوٹَو پٮ۪ٹھٕ دِنہٕ۔
357,تٔمۍ کٔر پنٛنہِ کورٕچ تصویر۔
358,بہٕ چھس واریاہ شکرس سۭتۍ چائے پیوان۔
359,تٔمۍ چھ اکھ جرم کٔرمٕژ۔
360,تٔمۍ کٔر پنٛنٮ۪ن گُناہن خٲطرٕ مغفرت حٲصل۔
361,بہٕ چھس تٔمۍ سٕنٛدۍ ذہانتٕچ تعریف کران۔
362,تٔمۍ کٔر پارٹی منٛز شرکت کرنہٕ خٲطرٕ پنٕنۍ بالہٕ کٔڑِتھ۔
363,تٔمۍ کٔر بطور خزانچی کٲم کرنس پیٹھ اتفاق۔
364,یہ وایبریٹر چھ درد کم کرنہٕ خٲطرٕ استعمال یوان کرنہٕ۔
365,یہ اتحاد گژھ مناسب وقتس پیٹھ اعلان کرنہٕ۔
366,پن تہٕ تھامس درمیان تھٲوِو قلم۔
367,وٗنہِ چُھ سُہ ریاضس منٛز کٲم کران۔
368,پننین مسلہٕ حل دِنہٕ خٲطرٕ گژھن ہم پرامن۔
369,ڈینٹسٹَن کوٚر پننس مٲلِس پیٹھ تاج لگاونہٕ۔
370,اثرات ٲسۍ پیمانس منٛز کافی۔
371,بھگوات گیتا ہس منٛز چھِ اَکھو باب۔
372,رامَن کٔر بینکرَس پٮ۪ٹھٕ پونٛسہٕ قرض۔
373,جانورن کھلانا چھ اکھ بوٚڑ کٲم۔
374,تٔمۍ کٔر گرجا گھرس خلاف ٹراڈ شروع۔
375,دٔلیٖلَس منٛز چھُنہٕ حقیقَتُک کُنہِ تہِ باقی۔
376,مہربٲنی کٔرِو پنُن ناو تہٕ پیشہٕ کِس کاغذس پٮ۪ٹھ لیکھِو۔
377,سۄ ٲس پنٛنس دوست سٕنٛدس سرد استقبال سۭتۍ زخمی گٔمٕژ۔
378,پرنٛٹ کرنٕچ ایجاد پتہٕ چھ تہنٛز سوسائٹی واریاہ تبدیل گٔمٕژ۔
379,صلاحیتہٕ وٲلۍ طالب علمن گژھ سخت کٲم کرنہٕ خٲطرٕ حوصلہٕ افزٲیی کرنہٕ یِوان۔
380,ییٚلہ بہٕ سیٹھاہ پریشانی منٛز ٲسہٕ تیٚلہ کوٚر تٔمۍ مےٚ بطور پنٕنۍ پارٹیزن مدد۔
381,یہِ چھٗ بے وزن بٗکٹ ییٚلہِ تو٘ہہِ یہِ تھٲوِتھ ہیكِو ۔
382,تٔمۍ کٔر ججس برٛونٛہہ کیسٕکۍ حقائق نیران۔
383,دیوارس پٮ۪ٹھ لٲگنہٕ آمٕتۍ پینٹنگہٕ چھِ اصل وٕچھنہٕ یوان۔
384,صدرس چھ تمام فٲصلہَن پیٹھ ویٹوُک اختیار۔
385,کتاب تھٲوِو بۄنہِ شیلفَس پیٹھ ۔
386,کینٛہہ فنانسنگ ایجنسی چِھ ریسرچ پروجیکٹچ حمایت کرنٕچ ضرورت۔
387,یِم مٲلہِ چھِنہٕ کانٛہہ تہِ شہد پٲدٕ کران ۔
388,یہ اوس صرف اکھ افسوسناک حادثہٕ۔
389,تٔمۍ کٔر اکھ خوبصورت تصویر۔
390,خیال چُھ یوان کرنہٕ زِ تِم چِھ ورمیور۔
391,سُہ چُھ پیٹَس منٛز زخم کِنہِ صرف خۄش کھٮ۪وان۔
392,پرٛیتھ صُبحہٕ کٔرِو پننِس مُنہٕ پٮ۪ٹھ صاف۔
393,گَرس منٛز چھُنہٕ کانٛہہ تہِ پھل۔
394,یہِ چھُ وۄنہِ تہِ اکھ زندٕ رواج ۔
395,سۄ چھےٚ پنٛنس دفتر تام واتنہٕ خٲطرٕ بسہٕ سۭتۍ سفر کران۔
396,تٔمۍ چِھ گۄڈٕ ساروٕے کھۄتہٕ زیادٕ آرام دہ کرٕنٕچ بیگ لگاونہٕ آمٕژ۔
397,امہ مُلکٕچ بحری فورس چھےٚ واریاہ بوٚڑ۔
398,طالب علمو کوٚر پرنسپل سٕنٛدس برٛونٛہہ تازن ہٕنٛز مزاح کٔرتھ معذرت۔
399,وی پی سنگھ اوس یو این میٹس منٛز اکھ مبصر۔
400,تمو وُچھ پہاڑٕچ چوٹی۔
401,اتھ سڑکہ پٮ۪ٹھ چُھ منحنی واریاہ خطرناک۔
402,تٔمۍ کٔر سیو سۭتۍ آب ختم۔
403,روُد کہِ وجہ سٕتہِ گٔیہِ وۄن منٹ ضٲرٕ۔
404,کورَو کٔرِ پارٹی منٛز آواز۔
405,اگر تُہۍ علم یژھان چھِو، تیٚلہِ گژھِو تۄہہِ امہِ خٲطرٕ محنت کرُن۔
406,سگریٹ ننہٕ سۭتۍ چھ ہوا خراب گژھان۔
407,چور اوس حقارتس منٛز تھونہٕ آمت۔
408,سُہ چُھ ساروٕے کھۄتہٕ بہترین ہمس منٛز نیران یژھان۔
409,مہربٲنی کٔرِو پنُن کُن کھولِو۔
410,ہمالیہ پہاڑ چھ ہندوستان کس سرحدس پیٹھ۔
411,سُہٕ گوٚو سینہٕ کِس بیمٲرِہ کِنہِ نِشہِ ۔
412,شاعرَن کوٚر ہمالیہ کِس تاجٕچ وضاحت۔
413,سُہ چُھ پنُن نصف تنخواہ سیلابٕکٮ۪ن شکارن دِنہٕ خٲطرٕ واریاہ بوٚڑ۔
414,تٔمۍ ترٛوو کتابہٕ پنٛنس دوستس سۭتۍ۔
415,تٔمہِ خٲطرٕ چھُنہٕ تِمَن سۭتۍ مُقابلہٕ کرُن ممکن۔
416,تٔمۍ کٔر گۄڈٕ سانس تہٕ گوٚو دریاوس منٛز۔
417,گلوکارن کٔر نوٹن واریاہ خوبصورت اندازس منٛز ہینڈل۔
418,میٲنس لۄکٹِس نیچس چھُ اکھ تھروُش۔
419,تٔمۍ کوٚر دیوارس پیٹھ اکھ تصویر فکس۔
420,تِمو چھُ فہرست پروگرام کٔرمٕژ تہٕ تو٘ہہِ چھِو گۄڈنیُک بولان ۔
421,تُہنز منطق کٔر نہٕ تٔمِس متٲثر۔
422,سیاحو کوٚر بسس منٛز ہجوم۔
423,مےٚ کٔرۍ پنٕنۍ تمام پٹۍ رتھس پیٹھ لٹہٕ۔
424,مےٚ اوس نہٕ کانٛہہ تہِ توقع زِ یِتھہِ آفت گژھِ۔
425,تمس اوس علاجٕچ ضرورت۔
426,بہٕ چھس پکنہٕ وِزِ شیشہٕ لگان۔
427,سُہ اوس بدمعاش تہٕ شرمسار بنیومُت۔
428,تُہۍ ہیٚکو نہٕ پننین شراکت دارن ورٲے کاروبار چلاون۔
429,تٔمۍ کٔر سٲنسہِ مسافرَن سۭتۍ کتھ باتھ کرنُک وقت گذران۔
430,مہربٲنی کٔرِو بلبہِ ہولڈرَس منٛز فکس کرنہٕ۔
431,اوورارکنگ پل چھ زٕ اہم نکات جوڑان۔
432,ہمۍ کٔرۍ أکس خوبصورت خلیجس منٛز جہاز۔
433,تٔمۍ سُنٛد بٲی چھُ أکِس نوجوان فیلو شِپُک رُکُن۔
434,ٹرین گوٚو حرکتس منٛز۔
435,یہِ جوُر چھُ اتھ گھرَس منٛز روزان۔
436,کمپیوٹر چھ ٹھیک کٲم کران ۔
437,راجن کٔر صورت حالُک پوٗرٕ پٲٹھۍ فائدہ۔
438,تۄہہِ چھِ پننِس غصس پٮ۪ٹھ تھٲوِنٕچ ضروٗرت۔
439,أمس چھ کانٛہہ تہ کٲم کرنہٕ خٲطرٕ سرکٲرۍ اختیار۔
440,سُہ چُھ وۄیلا گِنٛدان۔
441,ٹیبلس پیٹھ چھ کینٛہہ نکات۔
442,ایمانداری چھ اکھ فضیلت۔
443,یہ اوس اکھ لائیو ڈرامہ۔
444,بہٕ چھس کنہ تہ شکلہٕ منٛز شکارس خلاف۔
445,سُہ آو قتلُک مجرم قرار دِنہٕ۔
446,سۄ ٲس باف رنگٕچ سٲرۍ لٲگِتھ۔
447,تٔمۍ سٕنٛدۍ تبصرٕ چھ ہمیشہ بیمار شخص زندہ کران۔
448,تٔمۍ کٔر پتھ دور کرنہٕ خٲطرٕ کارٹُک استعمال۔
449,یہٕ چُھ ساروٕے کھۄتہٕ بہترین آب بردار جہاز یس مےٚ وُچھمُت چُھ۔
450,تِمو کوٚر مُردٕ دفن۔
451,نگہداشت کرن والین کٔر مرد نیران ۔
452,اکھ ویٹرن کوٚر زخمی گٲڑس علاج۔
453,ییٚلہ ماریمبا ریتم گِنٛدنہٕ شروٗع کران چھِ، مےٚ سٕتہِ ڈانس کٔرو۔
454,فوجی ٲسۍ میلُک کوٹ پکان۔
455,ہمو کٔر پننِس قونوٗنی تنازعہٕ حل کرنہٕ خٲطرٕ اکھ وکیل نوکری۔
456,پانژھ چھ مےٚ خوش قسمت نمبر۔
457,مےٚ ووٚن تٔمِس پارٹی منٛز یِنہٕ خٲطرٕ۔
458,اَتھ منٛز ٲسۍ زِ امتحانہٕ گژھِ ملتوی کرنہٕ یِن۔
459,سۄ چھےٚ اکھ واریاہ قٲبل وکیل۔
460,تٔمۍ سٕنٛز بٲنی چھ پانٛژہٕ وٲٹھۍ۔
461,تٔمۍ سُنٛد مقٲمی طرز چھُ پرٛیتھ کٲنسہِ طرفہٕ پسند گژھان۔
462,اَمہِ سکوُل چھُ دٔریاو کِس بٔٹھِس نزدیک۔
463,تمس اوس حقیقت تہٕ عدم تشدد پسند۔
464,یہِ زیادٕ برٛونٛٹہٕ چُھنہٕ دٔسہِ لُکن کھٮ۪وان۔
465,بہٕ چھس نہٕ وۄنۍ یِتھ قسمٕچ وابستگی خٲطرٕ تیار۔
466,بہٕ چھس پننِس مُلکٕکۍ لوٗکھ پیوان۔
467,سُہ چُھ پنُن گھریلو خادٕم۔
468,کمپنی کٔر سامان وقتس پٮ۪ٹھ فراہم۔
469,مہربٲنی کٔرِو پوٗرٕ زمینہٕ وٲکس۔
470,سڑکہٕ کس کونس منٛز چھ اکھ کٕنٛدر۔
471,رامن کوٚر اکھ تیر تراونہٕ ییٚمۍ اکھ پرواز کرن وول سوانس پیٹھ لگٲو۔
472,سُہ چُھ اکھ مشہوٗر ڈاکٹر۔
473,سکوُل چھُ أکِس سیشنَس منٛز صرف 50 طالب علم قبول کران۔
474,سُہ چُھ اکھ خۄد متعین شخص۔
475,تم چھ اتھ گھرس منٛز روزان۔
476,ییٚلہ میٛون مامو واریاہ پیوان چھ، سُہ چُھ واریاہ بدمعاش بنان۔
477,روڈ میپس منٛز چھ واریاہ کنٹور شٲمل۔
478,سۄ چھ کمپنی شٲمل کران۔
479,تجارتی جنگ اوس لاگت کہ وجہ سۭتۍ بچاونہٕ یوان۔
480,تِمَن درمیان ٲسۍ دوستی ہنٛد مضبوط رشتہٕ۔
481,تٔمۍ کٔر پننِس خٕلاف وارِیاہ حملہٕ شروع۔
482,أمس اوس نہٕ نیران خٲطرٕ اکھ مناسب عذر۔
483,مےٚ چھ یہ جشن واریاہ اجنبی محسوس گژھان۔
484,یہِ لُٹ چھُ أمِس خٲطرٕ تھونہٕ آمُت۔
485,یِمَن منٛز چھِ واریاہ لُکھ ٹیبروسَس منٛز مبتلا۔
486,سچ اوس واریاہ تکلیف دہ ۔
487,تٔمۍ کٔر پہاڑی پٮ۪ٹھ قدم۔
488,تمہِ سٕنٛدٮ۪ن کینٛہہ انگلن ہٕنٛدۍ اعصاب گٔیہِ واریاہ خراب ییٚلہِ تٔمہِ کار کِس دروازس منٛز پنٛنہِ دستہٕ کٹٲوِتھ۔
489,لوٗکن برٛونٛہہ ژھٲرِتھ چھِ واریاہ بے ادب ماننہٕ یِوان۔
490,تٔمۍ کٔر پنٕنۍ کٲم خفیہ اندازس منٛز مکمل۔
491,سُہ اوس خوفس سۭتۍ تھپتھپتھ۔
492,بہٕ چھس نہٕ عام طور ریتہٕ کین ریتن منٛز سفر کرن پسند کران۔
493,مےٚ اوس وٗچھنہٕ آمُت زِ میون مستقبل اوس کُنہِ زوالس پیٹھ۔
494,پریس رپورٹرن آو اجلاسٕچ اطلاع دِنہٕ۔
495,معذرت، کیا مےٚ گوٚو تہنٛدس بیگس پیٹھ قدم؟
496,ییٚلہ بہٕ دہ وٲنٛسہٕ ؤرۍ اوس، مےٚ اوس پنٕنۍ ٹنسل نیران۔
497,مریض سُنٛد خوُنہٕ گوٚو نہٕ لٹہٕ۔
498,تِم چھِ ورمیلُک ہار کٕننہٕ یوان ۔
499,کلاس ٲس واریاہ بورنگ ییٚلہ تمام طالب علم جسمٲنی طور تیٚلہ ٲسۍ مگر ذہنی طور بیٚیہ کُنہِ جایہ۔
500,یہِ معاہدٕ ہیٚکہِ تہنٛدِس کاروبارس منٛز کٲم کٔرتھ۔
501,سۄ چھ مےٚ تکنیکی معاملن پٮ۪ٹھ مشورٕ کران۔
502,یِم عمارتہٕ چھِ دُنیاہَس منٛز بدصورتگی شٲمِل کران۔
503,سۄ چھ پوٗرٕ دنیاہس منٛز سفر کٔرمٕژ۔
504,یِم چیز چِھ وزن کہِ لحاظہٕ ناپان نہٕ حجم کہِ طرفہٕ ۔
505,ییلہِ ہمۍ پننِس گرس منتقل گٔیہِ ، ٲسۍ ہمسایہِ واریاہ دوستانہٕ ۔
506,ہمو کٔر تھیٹرَس منٛز موسیقی تہٕ رقصُک لطف۔
507,کھین کٔرِو أکِس بٔڑِس جہازَس منٛز تھٲوِتھ ۔
508,سطحی زخم چھنہٕ سنجیدٕ ۔
509,نیبرٕ پٮ۪ٹھٕ گژھن وٲلۍ بو اوس نہٕ خوشگوار۔
510,وُچھِو، یہِ چھُنہٕ تۄہہِ کُنہِ تہِ پٲٹھہِ مدد كران !
511,سۄ چھےٚ پوٗرٕ رٲژ تمہِ پٮ۪ٹھ روزان۔
512,سردی کِنہِ چھِ مےٚ دِنہٕ وٲلۍ ژھٲرِتھ۔
513,تٔمۍ کٔر مےٚ اَتھ گرم پٲٹھۍ۔
514,لڑکہٕ کٔر اچانک پنٕنۍ سیٹہٕ پٮ۪ٹھٕ پیٚٹھٕ وٲلۍ ییٚلہ ڈرائیورن اچانک وقفہٕ لاگو کوٚر۔
515,تِم چھِ تھیوکراسی پیٹھ بحث کران ۔
516,ورلڈ کپس منٛز ہندوستان کِس شکستہٕ کِنہِ ٲسۍ لوُکھ تاریک حالتس منٛز۔
517,تُہۍ ہیٚکو مےٚ پنٕنۍ کاغذی چاقو دِتھ؟
518,واریاہ لوٗکھ آیہِ وزیر اعظم سندِ دفتر برٛونٛہہ جمع۔
519,سُہ ہیٚکہ نہٕ روزانہٕ ضرورتن خٲطرٕ باقین پیٹھ انحصار کٔرتھ۔
520,مےٚ چُھ سٲری پٲٹھۍ نصف رٲتۍ ہنٛز خاموشی پسند۔
521,کھٮ۪ن ضائع کٔرِو نہٕ ۔
522,تِم چِھ أکِس لۄکُٹ اتحادس منٛز شٲمِل گٔمٕتۍ۔
523,گروپن کوٚر اکھ اجلاس منعقد۔
524,یہِ کرنہٕ چُھنہٕ مہذب۔
525,سۄ آیہ سیٹھاہ پیٹھہٕ نیران۔
526,امہ صورت حالَن کٔر تٔمِس منٛز شرارت ظٲہر۔
527,تٔمۍ کٔر پنٕنۍ تمام وراثت أکس ؤرِیس منٛز خرچ۔
528,حالانٛکہ سۄ چھ واریاہ غریب، تٔمۍ چھ نہٕ پنٕنۍ وقار کھوژمت۔
529,مےٚ آو یونیورسٹی آف مانچسٹرس منٛز فیلو شپ حٲصل کرنہٕ۔
530,تُہۍ کیتھ چِھ یِوان؟
531,خاندانس منٛز چھ تمۍ سٕنٛدس طرز عملٕچ تعریف کرنہٕ یوان۔
532,تُہۍ چھِو تٔمِس دعوت دِنہٕ منٛز کٔنہِ شک کران؟
533,بہٕ چھس نہٕ چیز چھپان۔
534,ڈاکٹرن کٔر مریضس واریاہ اچھی جانچ۔
535,مےٚ گوٚو شےٚ ریتھ بطور وزٹنگ پروفیسر۔
536,ایئر لاینَس چھِ تٲصِل کرنس منٛز ناکام گژھنہٕ خٲطرٕ تنقید کرنہٕ آمٕژ۔
537,سُہ چُھ پرنس قصبس منٛز روزان۔
538,بہٕ کٔرِس تۄہہِ وِٹیبلَس منٛز انتظار۔
539,مےٚ لیوکھ اکھ کتاب تہٕ پریس خٲطرٕ تیار۔
540,سُہ ہیٚکَن نہٕ یہِ کٲم مُکمل کٔرتھ، حالانٛکہِ تٔمۍ کٔر سخت امتحان۔
541,تٔمۍ کٔر واریاہ زور سان کتھ۔
542,امہِ دُنیاہس منٛز چھُ بنیٲدی چیز ایماندار بنُن۔
543,بنگلورس چھ باغن ہنٛد شہر وننہٕ یوان۔
544,پیاز خٲطرٕ کٔرِو سرکٹ استعمال۔
545,تۄہہ ہیٚکو نقل و حمل حٲصل کٔرتھ۔
546,سُہ چُھ أکِس خاندانس منٛز بطور ادا کَرن وول مہمان روزان۔
547,سچن چھ اکھ بہترین کرکٹ کھلٲڑۍ۔
548,اگر تُہۍ اتھ کٲم خٲطرٕ درخواست دِنہٕ یژھان چھِو تیٚلہِ کٔرِو تِمَن پنٕنۍ وِٹی اے۔
549,سۄ چھ ہمیشہ تجریدی طور کتھ کران۔
550,تٔمۍ کوٚر وعدہ زِ تِہ گژھن نہٕ بییہِ زانٛہہ تہِ۔
551,بہٕ چھس پننس ضمیرس منٛز واریاہ واضح۔
552,مےٚ چھ خوف ز بہٕ چھس نہٕ فالو کران۔
553,مےٚ کوٚر پننِس بٲی سٕتہِ پوٗرٕ دٔلیٖل بیان۔
554,تِمو وُچھنہٕ أکِس نفرس اندھس منٛز لٲگِتھ۔
555,ہمیں چھ ساروٕے کھۄتہٕ کمزورن مدد کرٕنۍ۔
556,مےٚ چھ نہٕ زیادٕ اہمیت تھاوان ز لوٗکھ چھ بہٕ متعلق کتھ سوچان۔
557,تٔمہِ چِھ پننہِ دٔچھنس منٛز واریاہ کم وٗچھنہٕ آسان ۔
558,تِمو کٔر جان بوجھ کر مسئلہٕ بچاونہٕ ۔
559,ویٹرنری ڈاکٹر بنُن چھُ مےٚ سٲری زِندگی ہُنٛد خواب۔
560,کونس منٛز اوس اکھ ترٛےٚ منزلہٕ عمارت۔
561,لڑٲیی گٔیہ صرف پولیس وقتس پٮ۪ٹھ واتنہٕ سۭتۍ ختم۔
562,رائفلہٕ سۭتۍ مسلح زٕ نفر گٔیہِ بینکس منٛز دٲخل تہٕ لوٹ۔
563,کینٛہہ نوجوان چھ یوگا کلاسس منٛز شٲمل گٔمٕتۍ۔
564,مےٚ تمام سرکٲرۍ خط و کتابت چھ میٛون سیکرٹری کران۔
565,کونسل چھ شہرس منٛز ٹریفک کم کرنک طریقن پیٹھ کٲم کران۔
566,تٔمِس چُھ پننِس ورٹیبرل زخمی گژھنہٕ كِنہِ واریاہ گزریومُت ۔
567,تٔمۍ کٔر فخر سان پنن انعام ظٲہر۔
568,بہٕ چھس پننین آبٲدین سۭتۍ ملاقات کرنہٕ خٲطرٕ پننس گامس منٛز گژھان۔
569,یہِ کِتاب کٔرِو اذانَس دِیوٗت تہٕ باقٕیہ تھٲوِو ایڈیمَس خٲطرٕ۔
570,یہِ کامیڈین چھُ پنٛنہِ عفریت باپت زاننہٕ یِوان۔
571,ہمو کوٚر شہر صاف کرنہٕ خٲطرٕ اکھ منصوبہٕ تیار۔
572,حادثس منٛز گوٚو گاڑٕ کس برٛونٛہہ حصس نقصان۔
573,أمس چھ دولت مند گژھنک اکھ بوٚڑ شوق۔
574,مہربٲنی کٔرۍ تٔمۍ سٕنٛز بے وقوفانہٕ رویہٕ خٲطرٕ معذرت۔
575,تِمو چھُ پننِس فٲصلہٕ قبول کٔرمُت۔
576,سٲری روُد راتھ پنٛنس دوست سٕنٛدس مکانس منٛز۔
577,جنسی اذیتک الزاماتن سۭتۍ چھ زٕ پولیس افسرن خلاف مقدمہٕ جٲری کرنہٕ آمت۔
578,یہ کتاب چھ واریاہ دلچسپ۔
579,امہِ قسمٕچ ضد ہیٚکہِ نہٕ قبول کٔرِتھ ۔
580,ڈرائیور اوس سڑکٕچ علامت وچھنہٕ خٲطرٕ وچھان۔
581,پرٛیتھ کانٛہہ اوس نتٲئجن ہٕنٛدۍ شوقس سۭتۍ انتظار کران۔
582,مجرم آیہِ جیلہٕ پٮ۪ٹھٕ فرار۔
583,یہِ تصویر چھِ نسبتاً اصل۔
584,مےٚ ہیٚکہ تۄہہ مدد کٔرتھ؟
585,سۄ ٲس غصہٕ سۭتۍ متحرک۔
586,یِم کُلۍ چھِ پنٛنٮ۪ن جٔدیٖن ہٕنٛدِ ذٔریعہٕ آب جذب کران۔
587,ہاکی ٹیمس منٛز چھ گیہ کھلٲڑۍ۔
588,سُہ چُھ اکھ انگور کُلٹر۔
589,لائبریری منٛز چِھ تۄہہ کتاب دیر سان واپس کرنہٕ باپت جرمانہٕ ادا کرنٕ یِوان۔
590,مےٚ کٔرۍ پننٮ۪ن پٮ۪ٹھ چٹان شروع۔
591,تِمو تھٲو مےٚ اکھ صاف کمرس منٛز۔
592,تۄہہِ گژھِ پننِس مُلکٕکِس عزت خٲطرٕ لڑان ۔
593,مےٚ کٔر نہٕ کانٛہہ کٲم کٔرتھ پنٕنۍ زندگی ضائع۔
594,مےٚ چھ پنن پان پننین سالانہٕ امتحانن خٲطرٕ تیار کرٕنۍ۔
595,سُہ چُھ اکھ ویٹرنری سرجن۔
596,تٔمۍ سٕنٛد فن گوٚو ٲخٕر کار پھول۔
597,سیٲسی مسلس پٮ۪ٹھ آو بحث کرنہٕ۔
598,یہِ لفظ چھِ مُختٔلِف زمرن منٛز درجہٕ بندی کرنہٕ یِوان۔
599,پنٕنۍ قیمتی چیز کٔرِو لاکرس اندر۔
600,سُہ چُھ کٲم جلدی مُکمل کران۔
601,سُہ ہیٚکہِ تعمیرٲتی مقصدن خٲطرٕ وسٲیلہٕ ختم کٔرتھ۔
602,مےٚ چھُ ونان، سُہ اوس ہمیشہٕ اکھ میٹھا بولن وول۔
603,تٔمۍ کٔر مےٚ پونٛسہٕ اکھ چالہ سۭتۍ حٲصل۔
604,گاو آیہ ویٹرنری ہسپتال منتقل کرنہٕ۔
605,دودس منٛز چھ کیلشیم آسان۔
606,لڑکہٕ سُنٛد اَتھ اوس خۄش۔
607,مےٚ کٔرۍ پنن تمام پلو کابینہ منٛز ترتیب۔
608,سۄ ٲس گۄڈٕ اتھ ادرس منٛز کٲم کٔرمٕژ۔
609,سُہ آو حالٕے پنجابک گورنر مقرر کرنہٕ۔
610,ہمو کوٚر تمس ہوٲیی اڈس پیٹھ الوداع۔
611,راتس منٛز چھ آب ٹھوس گژھان۔
612,تمو کوٚر الگ روزنُک فٲصلہٕ۔
613,مےٚ گوٚو نہٕ تہنٛدس نوٚو گھرس وٕچھنُک موقعہٕ۔
614,سُہ چُھ اکھ لالچی انسان۔
615,خراب کمپنی منٛز گژھنہٕ کھوتہٕ چھ اکیلے گژھن بہتر۔
616,مےٚ چھ نہٕ گِنٛدنہٕ خٲطرٕ وقت۔
617,تٔمۍ سٕنٛدِس بٲنہِ اوس خوفَس سۭتۍ ژھٲرِتھ۔
618,مٲلی معاملَن منٛز چھُنہٕ کانٛہہ تہِ مےٚ مٲلِکِس برتریَس پٮ۪ٹھ شک کران۔
619,ٹرین حادثس منٛز گٔیہ دس نفر ہلاک۔
620,ٹیمو گینٛد اکھ منصفانہٕ کھیل۔
621,تٔمۍ کٔر دردس منٛز چیخ۔
622,یتیم خانہٕ چھُ بٹمالوَس منٛز واقع۔
623,کرکٹ محبت کرن والین اوس میچ واریاہ پریشانی سۭتۍ وچھان۔
624,تِم چھِ بِلَس خٕلاف فعال طور لابی کَران ۔
625,لگاتار کوششو سۭتۍ کٔر تِم پنُن مسلہٕ حل کرنس قٲبل۔
626,اتھ موضوعس پٮ۪ٹھ کٔرِو نہٕ لۄکُٹ۔
627,امہ بیمٲرۍ چھ سہ کمزور کٔرمٕژ۔
628,تِم ٲسۍ عظیم جنگجو۔
629,ہندوستٲنہِ بازرس منٛز اوس کل فروختُک 40% حصہٕ ۔
630,سڑکہِ منٛز اوس کٮ۪نٛہہ شور۔
631,تٔمۍ سٕنٛز زندگی چھےٚ خطرٕس منٛز۔
632,ونڈو کٔر جھیلک خوبصورت نظارہ پیش۔
633,صنعتی ملک چِھ قدرتی وسٲیلہٕ واریاہ مقدارس منٛز استعمال کران ۔
634,مےٚ کٔرِو صرف پننین دستہٕ صاف۔
635,مےٚ اوس تِم کتھ ونان چھ سُننہٕ خٲطرٕ کٲفی قریب وٲقف۔
636,گولڈ سمیتھ اوس پرٛیتھ کٲنٛسہٕ تہٕ پنٛنہِ کٲم خٲطرٕ تعریف کوٚرمُت۔
637,ڈرامہٕ اوس متحرک ۔
638,یہ لۄکٕٹۍ کور چھ واریاہ پیٚٹھۍ۔
639,سُہ چُھ اکثر میٲنس گَرس منٛز یوان۔
640,تِمو کٔر پنٕنۍ کٲم موثر اندازس منٛز مکمل۔
641,دُخن کوٚر آگہِ ہُنٛد الارم شروع۔
642,تٔمۍ سٕنٛدۍ دِنہٕ چھ زیٛادٕ تہٕ پتلی۔
643,بہٕ چھس ترٛیٚیس وُہُر۔
644,ہنگٲمی حالاتن منٛز چھ ہوشیار عمل کرن ضروری۔
645,پروگرام آو دویمہ دۄہ منعقد کرنہٕ۔
646,افسرن ہُنٛد اکھ ہجوم کوٚر تٔمِس ارد گرد۔
647,یہِ گژھِ اکھ وایرس آسان ۔
648,'شُرٕ'ُک جمع کیا چُھ؟
649,عمارت کس پوٗرٕ بناونس چھ تجدیدٕچ ضرورت۔
650,سُہ نفر وُچھ لُکن سڑکہٕ پار گژھن وول۔
651,سپروائزر اوس پننس کٲم سۭتۍ پوٗرٕ پٲٹھۍ مطمئن۔
652,مےٚ وُچھ میدانس منٛز اکھ ڈرائیو۔
653,بہٕ چھس واریاہ تھکاوٹ۔
654,تِم چھِ یِہ کھۄتہٕ مغربس منٛز روزان۔
655,منیجرَن کٔر تجویزٕچ خیرمقدم۔
656,مچھر چِھ کُنہِ تہِ vertebrate خونَس پیٹھ کھٮ۪وان ۔
657,پُلِیس سٕنٛدِ طرفہٕ لگاتار سوالن کوٚر سُہ بے ہوش۔
658,تمو کوٚر مےٚ نقطہ نظر اپنٲوِ ۔
659,آسمان اوس بادلَو سۭتۍ پوٗرٕ۔
660,کاروانو کٔر پرٛیتھ دۄہ تقریباً 100 میل سفر۔
661,مےٚ چھ نہٕ پننین جوتن مرمت کرنٕچ ضروٗرت، مے٘ چھٗ یہ رد كرنہٕ آمٗت ۔
662,ڈینامائٹ سنٛد انتظام کرن چھ واریاہ خطرناک ۔
663,بہٕ چھس اکھ پارٹی کرنہٕ یژھان۔
664,آرمی سٹافٕکۍ سربراہن کوٚر سرحدی علاقن ہنٛد دورٕ۔
665,سُہ بنیوو ریاستہائے متحدہک نائب صدر۔
666,سُہ اوس پٔتمہِ ژوُموارِ دۄہ راتھ ۔
667,تم چھ کولیزیمس منٛز گنٛدان۔
668,ایمبولینس ٲسۍ حادثہٕ کس مقامس پیٹھ تفصیلی بناونہٕ آمٕژ۔
669,مہمان گوٚو دوپہرس منٛز۔
670,زنانَس تہِ چھُ ووٹ دِنُک حق۔
671,نیون چُھ اکھ خصوٗصی سرخ چمک پٲدٕ کران۔
672,کمپنی ہٕنٛدِ پروڈکشنُک گراف چُھ یتہِ ۔
673,یہِ غذٲیی کھیٚمہٕ چھٗ سبزی تہٕ لۄکٹہٕ سۭتۍ بٔرِتھ ۔
674,پری ہٕنٛدِ جادو کٔر دۄشوٕنی بٲیَن ڈکَن منٛز تبدیل۔
675,سُہ چُھ اکھ فضول شخص۔
676,یہِ فنکشن گژھِ کُنہِ تاخیر ورٲیہِ شروٗع۔
677,مےٚ گوٚو پنٕنۍ بندوق۔
678,نیبولا چھِ اتہِ دور زِ تِم ہیکن نہٕ کٲفی تفصیل سان وُچھِتھ ۔
679,یہِ زمین چھِ أکِس سرکٲرِ ادارٕچ۔
680,یِہ طریقہٕ چُھ مےٚ گرس تام واتان۔
681,گَنن پٮ۪ٹھ کٔرِ رٮ۪ن اکھ ہلکہٕ روشن۔
682,تِہنٛدِ بٮ۪مٲرِ ہٮ۪کہِ خراب کھٮ۪نہٕ سۭتۍ وابستہٕ کٔرِتھ ۔
683,بہٕ چھس یہِ حٲصِل کرنَس پٮ۪ٹھ غور کران، مگر کٔرِو شک۔
684,تِم چِھ گۄڈٕ ایشیاہس منٛز کتابہٕ تقسیم کرن یژھان۔
685,خراب صحت ہیٚکہ زندگی منٛز کامیاب گژھنہٕ خٲطرٕ اکھ رکاوٹ ٲستھ۔
686,تٔمۍ دِیُت ہمس اکھ روشن خیال۔
687,تُہۍ کٔرِو یہِ بہتر ڈکشنری منٛز ژھٲرِتھ۔
688,اکھ فیصلہ کن شخص گژھ پارٹی ہنز قیادت کرن۔
689,یہ چھ اکھ تجریدی پینٹنگ۔
690,اکھ وِکسن اوس جنگلس منٛز گھومان۔
691,تٔمۍ کوٚر پولیسس جرائمس متعلق مذمت۔
692,بُزرگ چِھ کِنہِ خاموش آسان؟
693,مسہٕ ٹرے چھےٚ رۄپہٕ سۭتۍ لبنہٕ یوان۔
694,أمس چھ اکھ نوٚو کمپیوٹر۔
695,آسمان اوس ستارن سۭتۍ لبنہٕ آمت۔
696,لۄکٕٹۍ شُرۍ چھِ مٲلِمَن ہٕنٛدۍ پیٚٹھۍ۔
697,یہٕ چُھ روحہٕ شِرٕنہٕ خٲطرٕ دِنہٕ یوان۔
698,سُہ چُھ مےٚ اکھ قریبی رشتہ دار۔
699,أمس چھ وۄنۍ سکولس منٛز مستقل نوکری حٲصل کٔرمٕژ۔
700,پوٗرٕ مُلکَس منٛز چھُ اکھ بحران۔
701,پاگانینی اوس اکھ شاندار وایلنٹ۔
702,تفتیشس منٛز آو نہٕ دستاویزک کانٛہہ تہ تصدیق کٔرِتھ ثبوت لبنہٕ۔
703,مےٚ مٲلِس چھُ گامَس منٛز اکھ فارم۔
704,مےٚ کٔرِو نہٕ فتنہٕ۔
705,میٲنِس ہمسایہٕ سٗند بلیہٕ چُھ واریاہ دلکش ۔
706,خطک مسودہٕ چھ تیار۔
707,ہمیں چھ ضرورت مندن ہنٛز فلاح خاطرٕ کٲم کرنٕچ ضرورت۔
708,سُہ اوس انتہٲئی خرافات۔
709,مےٚ کٔر تٔمۍ جہازس منٛز گژھنس پیٹھ قناعت۔
710,ڈاکٹرن کٔر یہِ بیمٲرۍ صرف پننس ابتدٲئی مرحلس منٛز شفا۔
711,امہِ مسلہٕ پٮ۪ٹھ چھِ عوٲمی بیداری بڑاونٕچ ضرورت۔
712,کمپنی ٲس دیوالیہ گژھنس قریب۔
713,تُہۍ گژھِ پریشانی منٛز، صرف مےٚ لفظ یاد تھٲوِو۔
714,اَمہِ کٲمَس منٛز چھُ یِمَن ہُنٛد مقصد دۄگنہٕ۔
715,یہ چھ اکھ بریکنگ نیوز۔
716,مےٚ کٔرِو نہٕ ہنی کمس پریشان ۔
717,ڈاکٹرن کٔر تٔمۍ تپھہٕ سۭتۍ شفا۔
718,تٔمۍ چُھ گۄڈٕ پنٛنس باسس متعلق اکھ خیال بناومُت۔
719,کیمیٲیی کمپنیہٕ چھِ پننٮ۪ن دریاوَن تہٕ ماحولَس زہر دِوان۔
720,مےٚ گوٚو صرف کتابک ٲخری باب۔
721,سُہ چُھ وُنہِ دِلہِ یونیورسٹی ہُنٛد نائب چانسلر۔
722,تٔمۍ کٔر پنٕنۍ موٹر سائیکل گیراجس منٛز۔
723,یہ چھ اکھ مشکل تجویز۔
724,خوشقسمتۍ سان گوٚو نہٕ کانٛہہ زخمی تہٕ کارخانس اوس کم نقصان۔
725,شیلفس پٮ۪ٹھ کتابہٕ شمار کٔرِو۔
726,سُہ گوٚو گفتگوہس منٛز اکھ وقفہٕ دوران نیبر۔
727,تٔمۍ کوٚر کل اجلاسٕچ صدارت۔
728,یہ چھ نیبر وسان۔
729,سۄ چھےٚ فطری طور ہلکہٕ آسان۔
730,استاد سٕنٛز موتہٕ کٔر طلبا سرد۔
731,تۄہہِ کٔرِو پنُن پنسل تیز؟
732,عمارت آو دھماکہٕ دِنہٕ ۔
733,تمن آو جنگٕچ آواز دِنہٕ خٲطرٕ حکم دنہٕ۔
734,ہجوم چھ میچ وٕچھنہٕ خٲطرٕ شوقہٕ سان انتظار کران۔
735,تٔمۍ کٔر پننہِ خانٛدر دۄہ خٲطرٕ اکھ شاندار لباس حٲصِل۔
736,بہٕ چھس اکھ نوٚو مائیکروسکوپ حٲصِل کرن یژھان۔
737,مےٚ کٔر بندوق احتیاط سان ہدفس پیٹھ نشانہٕ۔
738,پلگ کٔرِو نہٕ ۔
739,یہِ چُھ مشورٕ زِ پریتھ چیزُک صحیح پیمانہٕ یُس ہمن حٲصِل کٔرمُت چھُ مُتعلِق ۔
740,سزا ہٮ۪کہِ جرمس برابر گژھِتھ۔
741,11 طالب علم چھ از غٲر موجود۔
742,مےٚ چھُ از تَتھ گژھنہٕ یِوان۔
743,تٔمۍ کٔر آئینہٕ کٹہٕ۔
744,گاڑٕ گٔیہ أکِس کُلہِ سۭتۍ ٹکراہٹ۔
745,یہ چھ اکھ ورجن زیتون تیل۔
746,سۄ چھےٚ أمہِ سٕنٛدِ طرفہٕ واریاہ محافظ۔
747,تٔمۍ کٔر أکس کالجس منٛز نیم وقتٕچ نوکری حٲصل۔
748,تُہۍ کٔنۍ ہیٚکِو اتہٕ زیادٕ انتقام گٔژھِتھ؟
749,تُہۍ چھِو از صبحُک مزاج۔
750,تۄہہ چھ تقریبا تمام قواعد اپنٲوِتھ ۔
751,مےٚ چُھ یہِ فیصلہٕ کرُن زِ کیا کٔرِتھ۔
752,تٔمۍ کوٚر مےٚ خبردار ز سٹو اوس وۄنۍ تہ گرم۔
753,سُہ اوس اکھ نامزد جج۔
754,تٔمۍ زیوٗن کھیل صرف کرافٹ تہٕ چالہ سۭتۍ۔
755,ییٚلہ بہٕ رخصت گژھہٕ تٔمۍ کرٕ یہ کامہٕ حٲصل۔
756,تُہۍ ہیٚکو حالاتُک پنُن اندازٕ تہِ تھٲوِتھ۔
757,شہرس چھ پنن عوٲمی نقل و حمل بہتر بناونٕچ ضرورت۔
758,ایوارڈ تقریب یِیہِ دویمہِ ہفتہٕ منعقد کرنہٕ۔
759,ہم چھ کم کھوتہٕ کم ٹیکس ادا کران۔
760,لابی منٛز چُھ تُہنٛد انتظار کرن وول اکھ مہمان۔
761,مےٚ چھ پنٛنس خانٛدانٕچ دولتُک ژوُرِم حصہٕ حٲصل۔
762,سۄ ٲس دلکش، ذہین تہٕ متحرک۔
763,سُہ گوٚو سردی ہِنٛدِس سردیَس منٛز تَتھ۔
764,تٔمۍ سٕنٛز خالہ چھ اکھ استاد۔
765,اداکارن کٔر صرف سٹیجس پیٹھ ظٲہر۔
766,یہ چھ قصبس منٛز زیٹھ سفر۔
767,تٔمۍ سٕنٛز ماجہ چھ أمہِ خٲطرٕ ٹروسو خریدنہٕ خٲطرٕ گٔمٕژ۔
768,ریتہٕ ہٕنٛدۍ پُرتھ گژھِ واشرَن سٕتہِ ہٮ۪نٛدی کرنہٕ خٲطرٕ سوٗنٛزنہٕ یِوان۔
769,یہ چھنہٕ زیٹھ۔ تۄہہ ہیٚکِو تِہس تام واتنہٕ خٲطرٕ پیتھ۔
770,یہِ چاقوٕ چھُ ہَنٛدی ہِنٛدِس ہاتھَس پٮ۪ٹھ ۔
771,چکرس منٛز چھنہٕ پہر حرکت کران۔
772,شٲعِرَن کٔر پننِس شٲعرَس منٛز سپرِنٛگُک اصل حٲصِل۔
773,علیہن کوٚر آیشاہس خانٛدر ۔
774,تٔمہِ چِھ پننِس شناختُک ثبوت دِوان۔
775,زنانہٕ ٲسہِ غمہٕ سٕتہِ رلان ۔
776,تٔمہِ چھِ تٔمِس دھوکہ دِنہٕ آمُت ۔
777,اتھ منٛز دٲخل گژھنہٕ برٛونٛہہ کٔرِو ہمیشہٕ أکس کمرس منٛز درجہ حرارت چیک۔
778,تۄہہِ چھِو نہٕ مےٚ ٹوسٹ صحیح پٲٹھۍ مُلٲوِتھ۔
779,سُہ چُھ أکِس شہزادی ریاستس سۭتۍ تعلق تھاوان۔
780,واٹر میلون اوس مزیدار ۔
781,مےٚ کٔر تمۍ سٕنٛدس کاروبارس منٛز مدد۔
782,امہِ قسمٕچ کھوج آسہِ صرف کینٛہہ حالاتن منز مُمکِن ۔
783,مےٚ آو ملین ڈالر۔
784,سہ چھ پننین ملازمن کم ادا کران۔
785,ایٹمی بم چھ انسانیت خٲطرٕ اکھ سنگین خطرٕ۔
786,درمیان تنازعہٕ حل کرن چھ بہتر۔
787,مےٚ چھ سمندری جانورن وٕچھنہٕ پسند۔
788,پولیسو کٔر ملزم سٕنٛدس گھرس پٮ۪ٹھ گھڑی لگاونہٕ۔
789,ہوا چھ 70 فیصد کھۄتہٕ زیادٕ نائٹروجن پیٹھ مشتمل۔
790,سلفر سوزنہٕ سۭتۍ چھ چوٹۍ دور تھاوان۔
791,تۄہہِ کٔنۍ گوٚو امہِ حادثہٕ متعلق زاننہٕ؟
792,تہنٛدۍ وسٲیلہٕ چھ فلوکس حالتس منٛز۔
793,تٔمۍ سٕنٛد نوٚو کٲم چُھ پرٛیتھس برابر۔
794,اندھس منٛز کوٚر تٔمۍ خیال ز أمۍ وچھ اکھ گھوسٹ۔
795,سوفا چُھ ٹکٕرَن منٛز دِنہٕ یِوان تہٕ اَمِس چھُ یہِ جمع کرُن۔
796,تٔمِس اوس زانان زِ تِم چھِ أمِس پتہ لگاوان۔
797,تٔمۍ کٔر تقریب کس ٲخرس منٛز پنن اندراج۔
798,سُہ چُھ پنٛنس پونٛسہٕ سۭتۍ واریاہ قریبی۔
799,شہرس چھ مغربی بنن شروع کوٚرمُت۔
800,زیٹھ سفر پتہٕ گوٚو سۄ پریشان۔
801,أمس چھ غلط فٲصلہٕ کرنُک رجحان آسان۔
802,تٔمِس اوس أکِس وِپَرَس کٔرِتھ۔
803,استادن کوٚر طالب علمن گروپ۔
804,بہٕ چھس نہٕ کٲم کرن وول کھیوان۔
805,سۄ چھ لوڈ گژھن وٲلۍ سامان تھاوان۔
806,تٔمۍ کٔر ساروٕے کھۄتہٕ خوبصورت لباس۔
807,جسمٲنی ورزش ہیٚکہ تہنٛد جسم تہٕ ذہن تناؤ نش آزاد کٔرتھ۔
808,یہِ روٗٹہٕ کٔرِو پھینکِو!
809,سۄ چھےٚ دفتر کِس انتظامیہس سۭتۍ تفویض کرنہٕ آمٕژ۔
810,تٔمۍ گیوٚو اکھ خوبصورت نمبر۔
811,استادن کوٚر طالب علمن موضوعٕچ وضاحت۔
812,بہٕ ہیٚکہٕ کُنہِ تہِ کٔرِتھ یُس مےٚ یژھان چھُ ۔
813,سۄ آسہٕ امہ ورٮ۪یہ پندرٕ وٲنٛسہٕ۔
814,میکانکَن کوٚر گاڑٕ کٮ۪ن تباہ شدٕ اجزاء تبدیل۔
815,مےٚ کٔر کینٛہہ ننہٕ پتہٕ دودٕچ بوتل پلگ۔
816,تِم آیہِ ٲخٕری وقتہٕ مایوسی پیٹھہٕ بچاونہٕ ۔
817,سُہ چُھ ذہنی طور چیلنج گژھان۔
818,بچن ہُند مچھرن خلاف تحفظ چُھ واریاہ ضروُرت۔
819,سُہ چُھ قصبس ہُند مشہوٗر وننر۔
820,تِمَو چھُ أکِس موسمُک سیٹلائٹ زمینس پٮ۪ٹھ مدارس منٛز تھونہٕ آمُت۔
821,سمندری طوفانن کٔر ڈارفس پٮ۪ٹھ تھونہٕ آمت سامانس واریاہ نقصان۔
822,سۄ گوٚو پڑوسس منٛز واکرَن ہُنٛد أکِس گروپس منٛز شٲمِل۔
823,ییٚلہِ ہمۍ اگرا گٔیہِ تہِ گیہ تاج محلٕچ فوٹو گرافی۔
824,آرڈینر چھ پنٕنۍ کٲم واریاہ ایماندار پٲٹھۍ کران۔
825,ہمو کٔر یہ مسلہٕ کامیابی سان حل۔
826,طالب علم چھ مستقبلس منٛز اصل عہدٕ حٲصل کرنہٕ خٲطرٕ سخت کٲم کران۔
827,بہٕ چھس پنن پان لگاتار سوچان۔
828,یہِ آو واریاہو مذہبی عالمن رد کرنہٕ۔
829,یہ چھ روزنہٕ خٲطرٕ اکھ اصل جایہ۔
830,مےٚ گژھن نہٕ باقین ہنٛدین گھرن منٛز مداخلت کٔرِتھ۔
831,تٔمۍ سٕنٛز وضاحت رد کٔرِو نہٕ۔
832,بستر چُھ بٔڑِس جایہِ پیٹھ قبضہٕ کران۔
833,استادن گژھِ پننِس احساسٕچ طاقت بہتر بناوان ۔
834,أکِس گاسَس گٔیہِ پوٗرٕ صحنَس پٮ۪ٹھ کٔرِتھ ۔
835,بہٕ چھس پننٮ۪ن مٲلِس مٲلہِ سٕنٛدِس دورس منٛز روزان۔
836,رتیش چُھ پریتی نِش نفرت بٔرِتھ ۔
837,ایمانداری چھ ساروٕے کھۄتہٕ بہترین پالیسی۔
838,سرحدی تنازعہٕ کٔر دۄن قومن درمیان جنگ ۔
839,بہٕ چھس أکس پیشہٕ ورانہٕ سکوُلس منٛز گژھان۔
840,رام چُھ ہمیشہٕ راتس دوران گاڑٕ چلاونہٕ نش بچاونٕچ کوٗشش کران۔
841,ہم چھِ اَمہِ جایہ پٮ۪ٹھٕ نیران۔
842,مےٚ ترٛوو اوپری منزلٕچ ونڈو کٲفِر۔
843,سُہ چُھ اصلن پیٹھہٕ آمُت۔
844,توہہِ کٔرِیِو مےٚ پٮ۪ٹھ یِتھ؟
845,تِمو کٔر دکانہٕ پٮ۪ٹھٕ بہترین سبزی پک۔
846,کیا تُہۍ کٔرۍ پلیز ییہِ ۔
847,تٔمۍ تھٲو ٹیبلَس پٮ۪ٹھ چائے کٹل۔
848,مےٚ ہیٚکن راتس منز جایہ سجاوٹ کٔرتھ ۔
849,سُہ چُھ اکھ غیر جانبدار شخص۔
850,وۄنۍ ییٚلہ تُہۍ یہِ کٔرِو، مےٚ وُچھ یہِ۔
851,لونگ فیلو سُنٛد زیٛادٕ مقام چُھ وۄنۍ اکھ ٹینمنٹ۔
852,واریاہ سیٲسی رہنما چھِ ذٲتی حٲصِل خٲطرٕ جماعتی تشددُک پرستار۔
853,بہٕ چھس یژھان ز توہہ لیکھو اکھ مقالہٕ۔
854,اکھ اصل کینٹین چھ۔
855,مےٚ مٲلِس چھُ گامَس منٛز اکھ فارم۔
856,غیر ملکی درآمدس پٮ۪ٹھ آو اکھ عام کرایہ لگاونہٕ۔
857,سُہ گوٚو اکھ خطرناک انفیکشنُک شکار۔
858,یہِ چُھ کُنہِ گاڑٕ؟
859,زمینی عمارت چِھ چینی مُلک کِس أکس خاص خطس منٛز اکھ خاص قٕسمٕچ تعمیر۔
860,کیٹنن کٔر گۄڈٕ پیٹھہٕ پنٕنۍ وجوٗدٕ۔
861,بہٕ کٔرۍ تُہنٛدِ طرفہٕ کتھ۔
862,ہم چھ نہٕ نوٚو برانڈ شروٗع کرنہٕ خٲطرٕ کٲفی سامان۔
863,امہِ کامہِ خٲطرٕ چھِ خاص تربیتٕچ ضروٗرت ۔
864,بہٕ ہیٚکَن نہٕ وِزِ یہِ پُرٕ پُنٛسہِ حٲصِل کٔرِتھ ۔
865,مےٚ اوس پننِس بٔڑِس سٲرِس مطٲبق پنن پان نمونہٕ بناوان۔
866,محنت چھ کامیاب گژھنک راستہ۔
867,تٔمۍ گٔیہ جنگ زیران شہرس منٛز زٕ ریتہٕ گٔژھان۔
868,عابد چُھ پارلیمنٹُک رُکُن ۔
869,باربر سٕنٛز چاقو کٔر تٔمۍ سٕنٛدِس شُکَس پٮ۪ٹھ لٹہٕ۔
870,فوجَن ہُنٛد خیال اوس زِ مزید حرکت ہیٚکہ خطرٕ دار ٲستھ۔
871,وقفہٕ پتہٕ کٔرۍ ہمن زورٕ سۭتۍ دوبارٕ کٲم شروٗع۔
872,جج اوس نہٕ ثبوتن سۭتۍ پوٗرٕ پٲٹھۍ قناعت کٔرمٕژ۔
873,پُلیٖسَن کوٚر ہجومَس پٮ۪ٹھ قابو پَنُن مُشکل۔
874,بہٕ چھس کافی ترجیح دیوان۔
875,تۄہہِ گژھِ مےٚ معذرت خواہ۔
876,ٹینرَن کٔر پنٕنۍ کم گژھن وٲلۍ توانٲیی دوبارٕ جٲری کرنہٕ خٲطرٕ تیز نیپ۔
877,مےٚ دیُت تٔمِس صرف اکھ پیغام۔
878,مےٚ چھ تۄہہِ اَتھہِ مشہوٗر فنکارَس سٕتہِ پیش کرُن واریاہ خۄش۔
879,اتھ حادثس منٛز گوٚو تٔمۍ اکھ ٹانگ۔
880,سُہ گوٚو اکہِ دباونہٕ سۭتۍ۔
881,مےٚ گوٚو شےٚ ریتھ بطور وزٹنگ پروفیسر۔
882,خوف زدہ شُر روُد۔
883,از چھ آسمان نارنگے رنگک۔
884,سۄ ہیٚکہ نہٕ وۄنۍ تہنٛز شفاعت برداشت کٔرتھ۔
885,تِم چھِ سٲری پارٹی خٲطرٕ دعوت دِنہٕ یوان۔
886,ہُنٛد مقصد چھُ کھیلن ذٔریعہٕ ہیٚچھُن۔
887,ییٚلہ تہ سُہ ہندوستان یِوان چھُ، سہ چھُ اَمہِ سٕنٛدِس دورس منٛز یوان۔
888,سُہ چُھ اکھ صاف مزدور۔
889,جوریو کٔر ثبوتَس پیٹھ کتھ کرنہٕ تہٕ امہِ پتہٕ کوٚر پنُن فٲصلہٕ۔
890,ییٚلہ تِم مےٚ بل حٲصل کٔرِ تِمن میلان چِھ مے٘ چیک۔
891,سُہ کٔر عدالتس منٛز اتھ معاملس متعلق گواہی۔
892,اَتھ پٮ۪ٹھٕ اندور تام واتنہٕ خٲطرٕ چھِ واضح زٕ دۄہ گَژھان۔
893,تٔمۍ کٔر پننہِ دوٚیمہِ کوششہِ پیٹھ ویزا حٲصل۔
894,وۄنۍ چھ ہم تمام قٕسمٕچ صنعتی مصنوعات برآمد کران۔
895,سۄ چھ اکھ عظیم کردارٕچ زنانہٕ۔
896,تٔمۍ کٔر آیرن بیٖم ہاونہٕ۔
897,سۄ چھ پننس پانس پٮ۪ٹھ لباس بناونس منٛز وقت لگاوان۔
898,اتھ متعلق چھ عظیم چیز یہ ز ہم چھ ویڈیو کانفرنسس پیٹھ ملٲے کٲم کران۔
899,سُہ لڑٕ یُس تۄہہِ یہِ کِتاب دِیوُت تُہۍ چُھ آمُت۔
900,تمو کوٚر اکٹھا کٲم کرنس پیٹھ اتفاق۔
901,گاوَس چھُ اَکھ بٮ۪مٲرِ وڈر۔
902,بچت چھ اکھ عظیم معیار۔
903,پنٛنِس نِشہٕ کٔرِو أکِس ٹشو سٕتہِ ہٹٲوِو ۔
904,سہ چھ مےٚ اکثر میٲنۍ سانحہٕ یاد دِوان۔
905,خشک پھولن ہُند شاندار رنگ۔
906,تم چھ واریاہ زیادٕ پونٛسہٕ لگان۔
907,سُہ چُھ پنٛنس محبوبس سۭتۍ ژٹنہٕ خٲطرٕ منصوبہٕ بناوان۔
908,اَتھ منٛز چھِ صرف خانٛدرٕ جوُرَن ہُنٛد اِجازت۔
909,مےٚ گوٚو آفتابس منٛز ژھٲر تہٕ کٔرِو دوپہرٕک کھین۔
910,ہم ڈاکٹرن چھ زانان ز بیکٹیریسیڈل چھنہٕ لازمی طور ویریزائڈل۔
911,بہٕ چھس سبز سبزی کھین پسند کران۔
912,شکار کرن وٲلۍ سُنٛد ہدف اوس اکھ ہیر۔
913,بہٕ چھسہٕ تۄہہ مےٚ ونان۔
914,بہٕ چھس نہٕ بیاکھ زندٕ روزن یژھان۔
915,تِمَو منٛز چھِ کٮ۪نٛہہ مُسافِر از یَتھ۔
916,تٔمۍ دِژ مےٚ وایلیٹَن ہُنٛد اکھ خوبصورت بُنٛڈ۔
917,تُہۍ ہیٚکِو نہٕ تٔمِس باقی کھۄتہٕ الگ کٔرتھ۔
918,تٔمۍ کٔر ونٛدن خٲطرٕ اکھ اصل الیکٹرک ہیٹر حٲصل۔
919,تۄہہِ گژھِو بییہِ اَکہِ لَٹہِ پنٛنِس جیبس منٛز چیک کرُن ۔
920,ییٚلہ مےٚ ووت، کاؤنٹر اوس بند کرنہٕ آمت۔
921,بہٕ چھس چلنہٕ خٲطرٕ تھکاوٹ، امہ علاوٕ چھ نیبر روٗد آسان۔
922,قربان گژھن وٲلِس اوس ژٔٹنہٕ آمُت ۔
923,تجویزس پیٹھ گژھ منظوری خٲطرٕ غور کرنہٕ۔
924,ڈاکٹرن چھ پننین احساسن نش الگ گژھن۔
925,تٔمہِ سُنٛد ناو کٔرِو دارالحکومتَن منٛز لیکھنہٕ ۔
926,تٔمۍ سٕنٛز بیمٲرۍ ہٕنٛدۍ علامات چھ بخار تہٕ لگاتار خشک کھوس۔
927,سُہ چُھ ہمیشہٕ سٹیج پروگرامن منٛز نمایاں کردار ادا کران۔
928,علیحدگی کٔر تمن دۄشوٕنی پیٹھ وزن۔
929,کٲم کٮ۪ن زیٛادٕ گٲنٛٹن چھ مےٚ تھٲوِتھ۔
930,سہ چھ واریاہ مشہوٗر اداکار۔
931,سُہ چُھ اکھ محفوظ انسان۔
932,تٔمۍ کٔر پننِس بٲتھس پٮ۪ٹھ اکھ تھمپ محسوس۔
933,مےٚ کوٚر پننِس دوستس امتحانس منٛز أمہِ سٕنٛدِس کامیابس پیٹھ مبارک باد۔
934,جنگس منٛز گٔیہ واریاہ فوجی مارنہٕ۔
935,پرٛیتھ دۄہ چھ اکھ گلاس دودہٕ پیوان۔
936,کٲنہِ تہِ ہیٚکہِ نہٕ کانٛہہ تہِ دوستی تر٘ٲوِتھ ۔
937,آکسیجن شدہ خوُن چُھ پلمونری آرٹیریو ذریعہٕ دلس منٛز نوان۔
938,کیا تُہۍ چھِو زانان کیٚتھ کٔنۍ کٔمِس کمپیوٹرس پیٹھ کٲم کٔرِتھ؟
939,پریتی چھےٚ أکس ریتہٕ تام چھٹی پیٹھ۔
940,تٔمۍ دِژ أمس مصیبتہٕ پیٚٹھٕ بچاونہٕ خٲطرٕ اکھ نوکری۔
941,سُہ چُھ امہِ انسٹی ٹیوٹُک ڈایریکٹر۔
942,بادس منٛز ٲسۍ جھنڈٕ لہران۔
943,تٔمۍ سٕنٛدۍ ناکامیو کٔر تٔمہِ پریشان۔
944,تُہۍ چھِو پننِس شہادتس تام منتظر؟
945,یہ اوس جلدی یا پتہٕ گژھنہٕ آمت۔
946,سۄ چھےٚ توانٲیی سۭتۍ پوٗرٕ۔
947,سہ اوس کرکٹ چیمپئن۔
948,تٔمۍ کٔر گاڑٕ روٗد کرنہٕ خٲطرٕ نشان۔
949,کتابن ہُند درجہٕ بندی چُھ وۄنۍ کرنہٕ آمُت۔
950,تٔمۍ کٔر لۄکٕٹہِ لڑکہٕ سٕتہِ شُرٕ ژھانٛڈنہٕ باپت مار۔
951,ماجہٕ دِیُت ہمس دیر تام نیبر گژھنس پیٹھ ویٹو۔
952,سُہ چُھ افسانوی ادبُک پروفیسر۔
953,کانٛہہ تہ چھ نہٕ آبٕچ قدر زانان ییٚلہ نہٕ کنہ خشک گژھنہٕ چھ یوان۔
954,سۄ ٲس پرٛون پُرٕ لٲگِتھ۔
955,پانژن پیٹھہٕ کم وٲلۍ شُرۍ چھِ عموٗمن بسَن تہٕ ٹرینَن منٛز آزادانہٕ سفر کران۔
956,مےٚ اوس پننِس صبحُک ناشتہٕ خٲطرٕ مۄکھس سۭتۍ روٹۍ۔
957,یتہٕ فراہم کرنہٕ آمت کھٮ۪ن چھ باقی قریبی دکانو کھۄتہٕ بہتر۔
958,تمو کوٚر اتھ مسلہٕ حل کرنہٕ خٲطرٕ اکھ اجتماعی نقطہٕ نظر۔
959,اتھ پوٚکَس منٛز چھِ رِپٹِل۔
960,سُہ چُھ اکھ واریاہ جذبٲتی نفر۔
961,کھٮ۪ن حٲصِل کرُن اوس مشکل ۔
962,شُرٮ۪س چھُ گۄڈنَس پیٹھ زخم۔
963,سرجیکل تکنیک چھ لگاتار صاف کرنہٕ یوان۔
964,یِم تمام طریقہٕ گژھِ درستگی ہندِس سلسلس منز تصدیق کرنہٕ یِن ۔
965,مےٚ ہیٚکن بسٹرو برٛونٛہہ میلان۔
966,تٔمۍ سٕنٛدۍ مٲلۍ کٔر أمس یہِ کٔرتھ منع۔
967,تٔمۍ سٕنٛدِس حُکمَس مُطٲبِق چُھ مےٚ 10 بوتل دودٕچ آرڈر کٔرمٕژ۔
968,مےٚ چھ باغ بناون واریاہ علاجی پٲٹھۍ آسان۔
969,تٔمۍ چھ پنٕنۍ بولنٕچ طاقت کھوژمت۔
970,ہم ترٲو صرف تِہ وِزِ ییٚلہِ سڑکہٕ صاف آسہِ ۔
971,بہٕ چھس پننس محبوبس واریاہ میلان۔
972,مےٚ کلاسس منٛز چھ ساس تٲلِم۔
973,سہ چھ تفریح خٲطرٕ شکار کران۔
974,ہم چھ معذور افرادن خٲطرٕ حالات بہتر بناونٕچ ضرورت۔
975,تٔمۍ چھ پنٕنۍ تمام دستاویز فائلنگ کابینہ منٛز جمع کٔرمٕژ۔
976,شُرٕ تہِ ہیٚکہِ یہِ سمجِتھ ۔
977,مےٚ کٔرۍ حالٕے اکھ نوٚو گھڑی حٲصل۔
978,مےٚ آو پنٛنس مٲلۍ سٕنٛدِ طرفہٕ والوپنگ ییٚلہ بہٕ گھر آو۔
979,مےٚ چھ شک ز سہ آسہ نہٕ پارٹی منٛز۔
980,گوشت چُھ پروٹینس منٛز زیادٕ۔
981,تمۍ سٕنٛدس گاڑس چھ اکھ نوٚو انجن ضروٗرت۔
982,سُہ چُھ مےٚ اکثر میلان۔
983,گاسہٕ برٛونٛہہ نِنہٕ کٔرِو نہٕ بیٚیہ۔
984,سُہ چُھ اکھ کلاس شاعر۔
985,گاڑِ ہٗند پیٹرول فیڈ چھٗ بند كرنہٕ آمٗت ۔
986,تٔمۍ سٕنٛدۍ لباس ٲس نہٕ تلخ موسمس خلاف ثبوت۔
987,ہم ٲسۍ ساحلَس پٮ۪ٹھ سوڈان۔
988,یِم وٹامن گولہٕ کٔرِ کھوژنہٕ آمٕژ توانٲیی واپس ۔
989,تٔمہِ چِھ مُختٔلف ذٔریعہٕ پیٹھہٕ حِصہٕ كرنہٕ آمت ۔
990,برفٲیی کٔر سڑکہٕ بناونس منٛز رکاوٹ۔
991,دٔلیٖلَس منٛز چھُنہٕ حقیقَتُک کُنہِ تہِ باقی۔
992,سُہ چُھ ریلوے پلیٹ فارمَس پٮ۪ٹھ تُہنٛد انتظار کرُن۔
993,پیکیج چُھ 24 نومبر تام۔
994,مےٚ گوٚو تٔمہِ سٕنٛدِس دوٚیمِس ناولس پٮ۪ٹھ گۄڈٕنِچہِ کھۄتہٕ زیٛادٕ مزٕ۔
995,ٹائر چھ لگاتار استعمال کِنہِ پٹنہٕ یوان ۔
996,یہٕ معاملہٕ آو سپریم کورٹس منتقل کرنہٕ۔
997,تۄہہِ گژھِو بیوقوف عملن منٛز شٲمِل گژھنہٕ نش رکاونہٕ۔
998,یہٕ چُھ اکھ مادہٕ یُس دردٕچ ویسیشنک سبب بنان چُھ۔
999,گھرس نیبر گوٚو اکھ بوٚڑ دھماکہٕ۔
1000,زنانن گژھہِ حاملہ گژھنہٕ پتہٕ خیال تھاوان ۔
1001,تٔمۍ سٕنٛدین لفظن منٛز چھ دۄگنہ معنی۔
1002,مےٚ چھ پنٛنس گرس منٛز لامحدود تعدادس منٛز قلم۔
1003,سُہ چُھ واریاہ شرمسار باسان۔
1004,اکھ عمارتک منصوبہٕ آو اتھارٹی طرفہٕ منظور کرنہٕ۔
1005,مےٚ وژن چھ پرٛٮ۪تھ دۄہ خراب گژھان۔
1006,سُہ آو پننین نیک اراداتن باوجود غلط سمجھنہٕ۔
1007,اتھ نکس پیٹھ چُھ سنجیدہ غورٕچ ضرورت۔
1008,پلے گراؤنڈس منٛز اوس واریاہ گلہٕ۔
1009,خطرٕ غیر جانبدار بناونہٕ خٲطرٕ آیہ ضروری اقدامات کرنہٕ۔
1010,مےٚ چھ فرانسیسی کھین پسند۔
1011,پل بناونہٕ خٲطرٕ چُھ واریاہ وقت لگان۔
1012,مےٚ گوٚو پانس خٲطرٕ اکھ نوٚو سائیکل۔
1013,تۄہہِ کٔرِو اکھ سائیکل مُکمل۔
1014,کیا یہ چھ تہنٛد ٹیبل؟
1015,یہِ کٲم آسہِ سہل کرنہٕ اگر تۄہہِ صرف کارکن جمع کٔرِتھ ۔
1016,تٔمۍ دِژ أمس پارٹی منٛز شرکت کرنہٕ باپت نوٹ۔
1017,سائنس چِھ ہمیشہٕ سٗچِھ باتھ کرنٕچ کوٗشش کران ۔
1018,سڑکہِ پٮ۪ٹھ چھِ ساروٕے مکان وقتہٕ سٲرِتھ ۔
1019,أمس چھ اکھ سنگین جرائمُک الزام لگاونہٕ آمُت ۔
1020,مےٚ تھٲوِو بطور دوست۔
1021,بصری تصویر بنییہ حقیقی۔
1022,یم لوکھ چھ واریاہ اچھے کھلٲڑۍ۔
1023,سہ چھ بطور ویٹر کٲم کران۔
1024,اَمہِ وِزِمٕچہِ ساروٕے کھۄتہٕ بہترین خریدار چھِ گارٹ تہٕ مۄکھٕ۔
1025,تٔمۍ سٕنٛدۍ مٲلۍ ٲسۍ زیٹھۍ۔
1026,تٔمۍ دِیُت پننِس خانٛدرٕ سٕنٛدِس بٲیِس سٕنٛزِ خانٛدارس گولڈن چین۔
1027,ساینس دانن ہُنٛد اکھ گروپ آو کینٛہہ تحقیق خٲطرٕ امریکہ سوُزن کرنہٕ۔
1028,اَمہِ گٔیہِ اَکہِ لٹہِ ۔
1029,جہاز گوٚو سیلاب تہٕ گٔیہِ ژوٗرِتھ شروٗع۔
1030,اتھ معاہدس آو وکلاہن احتیاط سان جانچ کرنہٕ۔
1031,تٔمِس گوٚو گۄڈٕ کِس ریتہٕ پٮ۪ٹھ ناراضگی ہُنٛد اکھ بُتھ۔
1032,تِم چھِ پنٛنہِ بٲتھ رنگ کرنہٕ خٲطرٕ ورمیلیونُک استعمال کران۔
1033,کیا تۄہہِ چِھ کانٛہہ مددٕچ ضروٗرت؟
1034,حکومت آیہ اتحادس منٛز بناونہٕ۔
1035,فساد گوٚو پرامن احتجاج پٲٹھۍ شروع۔
1036,یہِ راہٕ چُھ جنگل کہِ ذٔریعہٕ دریاوَس تام وسان۔
1037,ٹرین گوٚو ٹریکہٕ پٮ۪ٹھٕ ڈریلو۔
1038,شکستہٕ باوجود اوس ٹیمس منٛز موُرل وۄنۍ تہِ زیادٕ۔
1039,کمرس کس کونس منٛز اوس اکھ ٹیبل۔
1040,مےٚ ہیٚکہ اکھ بہتر حکمت عملی تیار کٔرتھ۔
1041,اتھ شہرس منٛز چھ ماضی کس زمانک اکھ خاص ذائقہٕ۔
1042,کھیل اوس شاندار ۔
1043,مےٚ گوٚو اکھ مختصر گفتگو تہٕ پتہٕ گٔیہ سۄ۔
1044,تمس اوس مجرمس مدد کرنُک الزام تھونہٕ آمُت۔
1045,جانن کٔر پننس دوستس سۭتۍ موازنہٕ کرنٕچ کوٗشش۔
1046,تٔمہِ چِھ پننِس بٔڑِس موضوعہٕ پٲٹھۍ پیتھولوجی تھونہٕ آمٕژ۔
1047,بہٕ چھس سکول بینڈس منٛز ٹرمپیٹ گیوان۔
1048,تُہۍ چِھ کنہ پھل پسند کران؟
1049,سُہٕ گوٚو کوچہٕ سٕتہِ ساحلُک سفر۔
1050,آواز گوٚو کمرس کٮ۪نٛہہ حصن منٛزٕ۔
1051,جدید دنیاہس منٛز چُھ روحٲنی تغیرُک امکان۔
1052,یہٕ اوس فوج خٲطرٕ فتح۔
1053,تِمو چھُ اکھ نوٚو نظام متعارف کٔرمُت ییٚمہِ سٕتہِ تمام ملازمن باقاعدگی سان تربیت دنہٕ یِن۔
1054,سُہ چُھ واریاہن ؤرین پیٹھہٕ تہندین سامانن ہُند مۄکلِف۔
1055,خلاصہٕ منٛز، یہ اوس اکھ مایوس کن کارکردگی۔
1056,سُہ چُھ جھوٹ بولنٕچ عادت تھونہٕ آمُت ۔
1057,وزیر اعظم کوٚر کتھ باتھ کرنہٕ خٲطرٕ پننہ کابینہ سۭتۍ ملاقات۔
1058,ماؤس اوس فرشس پیٹھ ۔
1059,تٔمۍ سُنٛد خانٛدار چھ تٔمہِ پیٹھ غلبہٕ تھاوان۔
1060,یہٕ حادثہٕ گوٚو کنہ وقتہٕ؟
1061,روٗد چُھ اونہٕ سۭتۍ بناونہٕ یِوان۔
1062,حالانٛکہ ہمو دیت تمس پونٛسہٕ، تٔمۍ کٔر نہٕ یہ کتاب حٲصِل۔
1063,رِپہٕ کٔرِو لُگَس پٔکِتھ پَنٕنہِ ۔
1064,تٔمۍ سٕنٛدِس کانس منٛز اوس آبُک بہاو۔
1065,صحافیو ہنٛد اکھ گروپ اوس عدالتس طرفہٕ منتقل گژھان۔
1066,تٔمۍ کوٚر پنٕنۍ غلطی تسلیم۔
1067,تٔمۍ کوٚر اشارن ہٕنٛز تلاش جٲری۔
1068,تٔمہِ چِھ ہلٲوِتھ سوچان ۔
1069,کیا تُہۍ چھِو صبحس برٛونٛہہ روزان؟
1070,کیا تُہۍ ہیٚکو چارجر پلگ ان کٔرتھ؟
1071,سُہ چُھ ریتس منٛز پتلی شرٹ لگاونہٕ یِوان۔
1072,نٔوِ ملازمَن چھُ منصوبہٕ پیچیدٕ کٔرمٕژ۔
1073,تٔمۍ سُنٛد جواب اوس واریاہ متوازن۔
1074,تٔمہِ ووٚن زِ تٔمۍ اوس صرف پنن پان سفید صاف کرنہٕ خٲطرٕ۔
1075,مٲدان چھ سفید کلور سۭتۍ پوٗرٕ ۔
1076,مےٚ کوٚر اتھ معاملس پیٹھ اکھ واضح بیان۔
1077,یہ لۄکٕٹۍ کور چھ ہمیشہٕ خوبصورت تہٕ رنگین لباس پکان۔
1078,تٔمۍ سٕنٛدۍ مذاقو کٔر تناؤ کم کرنہٕ منٛز مدد۔
1079,سۄ چھےٚ فٲصلہٕ بیٚمارس منٛز مبتلا۔
1080,ملکہ وکٹوریاہن کٔر 1837 پٮ۪ٹھٕ 1901 تام برطانیہس پیٹھ حکومت۔
1081,أمس چھ اکھ خوبصورت شکل۔
1082,مختلف تنظیمن ہٕنٛدۍ وفد چھ آمٕتۍ۔
1083,سُہ چُھ سیٲسی پارٹی کٮ۪و اہم شخصیتو سٕنٛدِ طرفہٕ حٲمِل۔
1084,مےٚ چھ واریاہ اصل بصری یادداشت۔
1085,ایندھن چھ کھانا پکانہٕ خٲطرٕ استعمال یوان کرنہٕ۔
1086,زلزلہٕ کٔر عمارتہٕ گر۔
1087,تٔمۍ کٔر پننِس حریفَس باکسنگَس منٛز حٲصِل۔
1088,سۄ چھ صابر سُنٛدن وول۔
1089,نباتات ٲس ویریڈیسینٹ۔
1090,ٹربیون چھ پنٛنس عملہ سۭتۍ واریاہ مہربان۔
1091,اتھ متعلق چھ عظیم چیز یہ ز ہم چھ ویڈیو کانفرنسس پیٹھ ملٲے کٲم کران۔
1092,سُہ یُس خلاف ورزی کران چُھ تٔمِس گژھِ مُعافی حٲصِل کرُن۔
1093,سُہ چُھ پنٛنس مستقبلس متعلق پریشان۔
1094,سُہ چُھ اکھ تاجر۔
1095,ہم چھ پنٛنس رہنما سٕنٛدس اتھ عملس ہنٛز مذمت کران۔
1096,تِم ٲسہِ ہنر مند، مگر نظم و ضبطچ کمی۔
1097,سُہ چُھ اکھ شریر انسان۔
1098,تٔمۍ کٔر پنن قلم کھوژان۔
1099,مےٚ چھ یہ ویڈیو پسند۔
1100,تمن چُھ پلاٹ وائرنگ کرُن ۔
1101,سۄ چھ پرواز کرنس نفرت کران۔
1102,تٔمۍ چھ اکھ خوشگوار خوشبو لگاونہٕ آمٕژ۔
1103,تٔمس چھ جلن وول بخار۔
1104,ہوٹل چھ الٹرا جدید فرنیچر سۭتۍ سجاونہٕ آمت۔
1105,یہ چھ شاید تٔمۍ سٕنٛدین کٲمَن منٛز ساروٕے کھۄتہٕ زیادٕ مشہوٗر۔
1106,کیا یہ چھ نہٕ اکھ خوشگوار صبح؟
1107,سۄ چھ ناراض گژھان ییٚلہ کانٛہہ تس تنقید کران چھ۔
1108,تٔمۍ سٕنٛد آواز اوس جذبن سۭتۍ پوٗرٕ۔
1109,ہمارے گاڑس چھ نہٕ ٹرک ٹریک کرنہٕ خٲطرٕ کٲفی طاقت۔
1110,نٔتیٖجہٕ چھ ٹیبلر شکلہٕ منٛز پیش کرنہٕ یوان ۔
1111,سُہ اوس ٹورنامنٹس منٛز بہترین کھلٲڑۍ۔
1112,باکس گژھِ لکڑہٕ پٮ۪ٹھٕ بناونہٕ یِن ۔
1113,مریض چُھ وۄنۍ تہِ انکارس منٛز۔
1114,تٔمۍ کٔر کینژن کتابن ہنٛد مصنف۔
1115,مےٚ چھ نہٕ ریس کرنا پسند۔
1116,تٔمۍ کٔر پوٗرٕ دٔلیٖل واضح طور بیان۔
1117,تٔمہِ سٕنٛدِ آوازٕچ کمزوری کٔر مےٚ حیران۔
1118,سُہ جہاز چُھ بندرگاہس پیٹھ ۔
1119,ییٚلہ سُہ مٹھٲیۍ وُچھ، تٔمۍ سٕنٛدِس مُنہٕ منٛز گوٚو آب۔
1120,سۄ چھےٚ أکس ہسپتالس منٛز۔
1121,تٔمۍ سٕنٛدۍ اثاثہٕ آیہ تفتیشی ایجنسی سۭتۍ ضبط کرنہٕ۔
1122,مہمانن علاوٕ آسہٕ دوپہرٕ کِس وقتس منٛز تہٕ ترٛےٚ۔
1123,بہٕ ہیٚکہ نہٕ بیٚیہ تۄہہ پیٹھ انحصار کٔرتھ۔
1124,سُہ چُھ بٮ۪مار کِنہِ کمزور ۔
1125,تٔمۍ کٔر مےٚ سیٹھاہ نشانہٕ۔
1126,مہربٲنی کٔرتھ ہیٚکو فوری پٲٹھۍ مکھن کٔرِتھ ۔
1127,اَمہِ چھِ اتوار کِس خانٛدرَس منٛز شرکت کرُن ۔
1128,تٔمِس اوس اَتھ منٛز اکھ ٹونگ۔
1129,بہٕ کٔرِتھ تۄہہ گاڑِ وۄشِتھ مدد۔
1130,فوجس آو پیش رفتک حکم دنہٕ ۔
1131,ہوائی اڈین منٛز چھ واریاہ پورٹر لبنہٕ یوان۔
1132,مےٚ فون کٔرِتھ ۔
1133,پُلیٖس چھِ تٔمِس پٮ۪ٹھ واریاہ کٔرِتھ۔
1134,دۄشوٕے ایونٹ گٔیہِ مُقابلہٕ تہٕ اَمہِ سٕتہِ گٔژھِو اَکھ۔
1135,دروازٕ کٔر تٔمہِ سٕنٛدِس بٲتھس پٮ۪ٹھ لٹہٕ۔
1136,یہ پروگرام چُھ پرٛیتھ ہفتہٕ لاکھن وٗچھن وٲلین متوجہ کران۔
1137,مےٚ وُچھ تمۍ سٕنٛدس کمرس منٛز اکھ ڈرم۔
1138,کورَن کوٚر دعوٕ زِ تٔمۍ وُچھ اکھ گھوسٹ۔
1139,تٔمۍ کٔر بطور سمندری کپتان پنٛنہ زندگی ہٕنٛد جنگٕچ داستان ونان پسند۔
1140,مہربٲنی کٔرِو گۄڈٕ سانس۔
1141,کینٛہہ کیمیٲیی مواد چھ آسان سان خونس منٛز جذب گژھان۔
1142,یعنی تِمن گژھِ تِم تِہ طرفہٕ کُن ۔
1143,ادارٕچ پرنسپل چھ ممبرن منٛز واریاہ مشہوٗر۔
1144,بٮ۪مار تہٕ زخمی آیہِ جنگی علاقہٕ پٮ۪ٹھٕ نیران کرنہٕ۔
1145,سۄ کھۄتہٕ زِیٛادٕ عٲزِم چُھ سۄ زیادٕ عاجز۔
1146,مےٚ گوٚو دیوارس خلاف ٹکراہٹ تہٕ کوٚر پننس سرس زخمی۔
1147,اتھ علاقس منٛز چھ کمیونل تناؤ پھیلاونہٕ آمت۔
1148,ہڑتال چھ پننس معاشرس منٛز پرٛٮ۪تھ دۄہ اکھ واقعہٕ۔
1149,ہوائی جہاز چھ پیٹرول سۭتۍ پوٗرٕ آسان۔
1150,تِہنٛدِ نٔوِ گَر چھُ واریاہ شِش۔
1151,تٔمۍ کٔر خواہش تہٕ پرٛیتھ چیز گوٚو اتھ مطٲبق۔
1152,اتھ معاملس منٛز گژھِ تفتیش کرنہٕ۔
1153,بلب لٹنہٕ خٲطرٕ چھُ الیکٹرک وائر کٔرِتھ دٔرٕچہِ شاخن پٮ۪ٹھ لُپ کرنہٕ آمُت۔
1154,تھرٛڈ چھٗ ییٚتہِ یہِ ساروِی کھۄتہٕ کمزور چھٗ آسان ۔
1155,اکھ مسکراہٹ ہیکہِ أکِس بٲتھس زندگی دِتھ ۔
1156,تہنٛدس کالونی منٛز چھ اکھ بوٚڑ پارک۔
1157,یہِ کٲم ہیٚکہِ سازگار حالاتن منٛز مُکمل کرنہٕ یِتھ۔
1158,یہِ کُل چھُ جونَس منٛز پھٕلان۔
1159,سۄ چھ پانژِمہِ منزلہٕ پیٹھ روزان۔
1160,بسس منٛز چِھ فرنٹ سیٹ خواتینن خٲطرٕ مخصوص۔
1161,سۄ چھ اکھ شال لٲگِتھ۔
1162,شُرٕ اوس ننگا۔
1163,یہ چھ واریاہ تنگ۔
1164,ترٛےٚ کُنٛگ چھِ ساحلَس پٮ۪ٹھ چلان۔
1165,زٕ ڈٹیکٹیو ٲسۍ تمس پٮ۪ٹھ پیچھان۔
1166,سۄ ٲس تعریفی سۭتۍ خوش باسان۔
1167,تمو کوٚر ڈرامہٕ موسیقی سۭتۍ ختم۔
1168,سُہ چُھ اکھ پاگل۔
1169,تجار ٲسۍ پنٕنۍ آٹا نمک سۭتۍ بڑان۔
1170,اے پی حکومتُک مقصد چھُ تعلیمی مقصدَن خٲطرٕ زیادٕ رقم آزاد کرنُک۔
1171,دھولن کٔر زیادٕ پٲٹھۍ ظٲہر گژھنس محدود۔
1172,تٔمۍ کٔر آزادانہٕ اندراج خٲطرٕ گارڈس پیٹھ زاویہٕ۔
1173,مےٚ تھٲو پنٕنۍ تمام زیورات پوشاکس منٛز۔
1174,نیونٹنَس گٔیہِ اکھ شاندار خیال ییٚلہِ مٲلِس گرِتھ وٕچھان اوس ۔
1175,استادن دِیُت تِمَن طالب علمَن خبردار زِ یِم گژھن نہٕ غلطۍ دوبارٕ کرنہٕ۔
1176,اکھ انجینئر ہیٚکہ یہ مسلہ حل کٔرتھ۔
1177,سُہ اوس زیادٕ ہنر مند تلوار دان۔
1178,سُہ چُھ پنُن کٲم عوٲمی طور کرُن یژھان۔
1179,سُہ چُھ کلاسیکی اداکارن منٛز کلب بناونہٕ یوان۔
1180,مےٚ چھ پننین ساتھین ہنٛد تمام پتے۔
1181,تٔمۍ کٔر پننس خٲطرٕ واریاہ نرم واڈس سۭتۍ اکھ نوٚو کِلٹ حٲصِل۔
1182,ریتہٕ ختم گژھنہٕ برٛونٛہہ چھ یہ کٲم مکمل کرن ضروری۔
1183,مےٚ کٔر دۄن دۄہن ہٕنٛدس ورکشاپس منٛز واریاہ معلومات حٲصل۔
1184,تمۍ سٕنٛز موت چھ اکھ راز۔
1185,تٔمۍ سٕنٛدِ حساب ٲسۍ تجربٲتی حقائقَن پیٹھ مبنی۔
1186,میزائل ٲسۍ دشمن کین کیمپن پیٹھ مرکوز کرنہٕ آمٕژ۔
1187,تٔمۍ کٔر کنہٕ آب پمپ کرنہٕ خٲطرٕ موٹرُک استعمال۔
1188,تٔمۍ کوٚر کمر ورٲے سوننٕچ کوٗشش کرنُک فٲصلہٕ۔
1189,أمس چھ واریاہ اچھے آداب۔
1190,واریاہ مہاجرین چھ پاسپورٹ ورٲے سرحدس تام واتنہٕ آمت۔
1191,سۄ ٲس پننس تقدیرس پیٹھ روان۔
1192,ییٚلہ اجنبی تمہِ سٕنٛدِس گرس منٛز دٲخل گوٚو تٔمۍ روُد مدد خٲطرٕ۔
1193,تِمو کٔر جنگلَس منٛز کُلہٕ لٲگِتھ۔
1194,بہٕ ٲسہٕ زبانن ہٕنٛدس ارتقاءس پیٹھ کٲم کران۔
1195,آپریٹرَن کٔر فوری طور بل تیار۔
1196,اسلم تہٕ بیٚیہ زٕ مرد آیہ مےٚ پٮ۪ٹھ راتھ۔
1197,لوٗکھ چھِ مُختٔلِف مذہبی جایہٕ عبادت کرنہٕ خٲطرٕ یوان۔
1198,مریضس پیٹھ آو اکھ سرجری کرنہٕ۔
1199,ہسپتالس منٛز اوس لوٗکن ہُند اکھ زیٹھ فائل۔
1200,مُتعلِق لوٗکھ آیہِ ہسپتالَس منٛز پننین رِشتہ دارن وُچھنہٕ۔
1201,اتھ ٹیبلس منٛز چِھ پرٛٮ۪تھ طرفن پٮ۪ٹھ کنٛگہٕ ہاونہٕ آمٕتۍ۔
1202,ٹارٹلز ہیکن آبس تہٕ زمینس دۄشوٕنی منٛز روزتھ۔
1203,کٔرِو نہٕ یِتھ کٔنہِ خنزیر ۔
1204,انکم ٹیکس ایشیئر آو دفترس منٛز اچانک چیک کرنہٕ خٲطرٕ۔
1205,گۄڈٕ مون سون کہ وجہ سۭتۍ اوس تہند زرعی پیداوار اصل۔
1206,یِمَن دۄہَن چھُ یہِ اکھ موُجوُ لفظ۔
1207,مجرمن آو سزا دِنہٕ تہٕ اندھ کٔرِتھ۔
1208,یم لۄکٕٹہٕ پوٹن منٛز چھ گلہٕ اصل پٲٹھۍ پھلان۔
1209,تٔمِس چُھ ہِلَس پیٹھ اکھ ڈاون ظٲہر۔
1210,تٔمۍ کٔر جلد ہیٚکہ أمس سۭتۍ تھکاوٹ شروع۔
1211,مٲلہِ چھِ پنٛنٮ۪ن شُرَن ہُنٛد حِفاظت کران۔
1212,تفتیشس پٮ۪ٹھ گوٚو تٔمۍ سٕنٛد دعوٕ غلط ثابت۔
1213,تٔمِس آو پننِس مُخٲلِف سٕنٛدِ طرفہٕ سخت تنقیدُک سامنا کرنہٕ۔
1214,امہ مُلکٕکۍ لُکھ چھِ سیاستس منٛز فعال دلچسپی تھاوان۔
1215,امپیئرن ووٚن یہ اوس اکھ وسیع بال۔
1216,یِم دۄشوٕے دٔلیٖل چھِ تقریباً اَکھ۔
1217,تُہۍ چھِو نہٕ أمہِ سٕنٛدِس حٲصِل کِس پیمانٕچ تعریف کران۔
1218,سُہ چُھ قصبس ہُند مشہوٗر وننر۔
1219,تٔمۍ سٕنٛد سفید بٲتھ اوس خوبصورت۔
1220,یہِ کٔرِو نہٕ بیٛاکھ، تٔمۍ ووٚن احتیاط سان۔
1221,لوٗکھ چھ ہفتہٕ کِس ٲخرس منٛز نیران۔
1222,فلم شروٗع گژھنہٕ وٲلہِ آیہِ تھیٹرَس منٛز روشنی کم کرنہٕ۔
1223,مندرن منٛز چھ صبحس بجان۔
1224,ٹوٹ اوس غٲر قونوٗنی طور ٹکٹ کٕننہٕ یوان ۔
1225,تٔمہِ سُنٛد ٹیوٹر چھُ تٔمِس گَرَس منٛز تعلیم دِوان۔
1226,اَمہِ فِلمہِ کٔر مےٚ حٲرِف۔
1227,سُہ اوس تمہِ وِزِ مُوت ییلہِ تِم گَرٕ واتان اوس ۔
1228,ونڈوز شٲمل کرنہٕ سۭتۍ چھ وینٹیلیشن بہتر کرنہٕ آمت۔
1229,میون ماجہِ کٔر مےٚ اکھ واٹر پروف واچ حٲصل۔
1230,طالب علمو کٔر کلاسس منٛز شور۔
1231,تٔمۍ چھ انگریزی زبانس پیٹھ اصل اندازٕ تھوان۔
1232,کینٛہہ پرٛچھ چھ پنٕنۍ بٲتھ ترٛاوان۔
1233,لکڑٕچ لکڑ چھ اکثر مکانن ہٕنٛدس تعمیرس منٛز استعمال یوان کرنہٕ۔
1234,رامس آو شاعری مقابلہٕ منٛز 5000 روپیہُک ایوارڈ حٲصِل کرنہٕ۔
1235,سُہ چُھ دُکانُک انتظام أکِس ہاتھس سۭتۍ کران۔
1236,سُہ چُھ ہمیشہٕ پننین شرطن پیٹھ خوش گژھان۔
1237,کُلۍ چھِ ہوا صاف کرنہٕ منٛز مدد کران۔
1238,کینٛہہ فوجی گوٚو دۄن ہفتن تام رخصت۔
1239,تۄہہِ چھنہٕ بُک کٔرِنٕچ ضروٗرت۔ صرف دٲخل گژھِو۔
1240,سُہ آو پننس حالیہ اشاعتہٕ خٲطرٕ تاج بناونہٕ۔
1241,تٔمۍ کٔر پنٕنۍ چیز جمع تہٕ گوٚو۔
1242,امتحانُک نتیجہٕ آو نوٹس بورڈَس پٮ۪ٹھ پوسٹ کرنہٕ۔
1243,بٮ۪مٲرۍ ہٕنٛز علامتن منٛز چِھ پیٹٕک درد تہٕ کٹنہٕ شٲمِل۔
1244,استادن دِژ خاموش گژھنک حکم۔
1245,توہہِ کٔرِو بوتلٕچ کورک کھولِتھ ۔
1246,کانٛہہ تہ ہیٚکہ نہٕ أمۍ سٕنٛدۍ مجرمانہ سرگرمی رُکٲوِتھ۔
1247,امہ تقریبس چھ واریاہ علامتی اہمیت۔
1248,حالانٛکہ سُہ چُھنہٕ پرواز کرن پسند کران، مگر تٔمۍ کٔر پٔتمہ ؤرۍ اطالوی سفرُک لطف۔
1249,تٔمۍ سٕنٛدِ شور چُھ تقریباً پرٛٮ۪تھ کُن ناراض کران۔
1250,سُہ چُھ اکھ انتقام لینے وول انسان۔
1251,تم چھ گامس منٛز اکھ نوٚو سکول بناوان۔
1252,تٔمۍ کٔر نوِ عمارتس منٛز اکھ دفتر کرایہٕ۔
1253,جنگل چھِ خوبصورت ۔
1254,دھند کہ وجہ سۭتۍ اوس سڑک کم ظٲہر گژھنک وجہ سۭتۍ خالی۔
1255,تٔمہِ سُنٛد دِل اوس تیزی سان دِوان۔
1256,بہٕ چھس پننہِ بیٚیہِ یاد۔
1257,سۄ چھ خانٛدرٕ پتہٕ اکھ خوش زندگی گزاران۔
1258,مہربٲنی کٔرِو مےٚ پنٕنۍ دستاویز۔
1259,بہٕ کٔرۍ تۄہہ ذٲتی طور شکریہ ادا کرنہٕ یژھان۔
1260,دشمن سٕنٛدِس مُنہِ چھٗ واریاہ کم ہیٚکہٕ اصل کتھ کٔرِتھ ۔
1261,تِمو کٔر مےٚ برٛونٛگُک اکھ پکوان پیش۔
1262,بیٚیہِ کٔرِو ٹینَس منٛز جمع۔
1263,اکھ مثلث چُھ ترٛین طرفن ہُنٛد۔
1264,گھرٕچ تشکیل آیہٕ از مکمل کرنہٕ۔
1265,تِمو چھُ قصبس منٛز اکھ نٔو دفاع قٲیم کوٚرمُت۔
1266,تِمَن آیہِ مباحِثہٕ عام بناونہٕ خٲطرٕ حملہٕ کرنہٕ۔
1267,یہ علاقہٕ چُھ مجرمو سۭتۍ پوٗرٕ۔
1268,کیا تُہۍ ہیٚکِو ٹوٚٹہٕ نیران کرِتھ؟
1269,تٔمۍ تھٲو ٹرے ٹیبلس پیٹھ۔
1270,مےٚ گوٚو کٮ۪نٛہہ شرابہٕ پیتھ اکھ مزٕ شام۔
1271,امتحانہٕ ختم کرنہٕ پتہٕ کٔر تٔمۍ کتابہٕ ہواس منٛز پھینک۔
1272,پننہِ زِنٛدگی منٛز گژھِ ہمت مند ۔
1273,غروب گژھنہٕ پتہٕ چھ درجہ حرارت کم گژھان۔
1274,تِم چھِ اصل خدمات فراہم کران ۔
1275,سۄ چھےٚ تیز مزاج تہٕ متحرک۔
1276,بہٕ چھس نہٕ یہ پسند کران ز لوٗکھ چھ مےٚ اتوار دوپہر خراب کران۔
1277,سُہ اوس نٔتیٖجہٕ پتہٕ گۄڈنچہِ دۄہ صفٲہی ہٗند دعوٕ کران۔
1278,سُہ چُھ حالٕے پننہِ نوکری پیٹھٕ برطرف کرنہٕ آمُت۔
1279,ججَن کوٚر وکیلَس مقدمہٕ سۭتۍ پیش رفت کرنُک حٲصِل۔
1280,ہم ٲسۍ سٲری دروازس طرفہٕ بڑان۔
1281,تٔمۍ کوٚر میٹافیزیکل تھیوری پیٹھ اکھ مقالہٕ شائع۔
1282,بہٕ چھس پننس پٮ۪ٹھ واریاہ قرض ادا کران۔
1283,سۄ روٚیہ تکیاز أمۍ سٕنٛد بٲی اوس أمس واریاہ مزاحمت کوٚرمُت۔
1284,سۄ چھےٚ واریاہ بور۔
1285,سُہ چُھ اَکہِ جایہ پٮ۪ٹھٕ اَکھ جایہ یِوان۔
1286,بہٕ چھس اتھ پیشکشس سۭتۍ واریاہ خوش۔
1287,کنٹرول چھ مقٲمی حکامن سپدان۔
1288,یمن دۄن معاملن درمیان چھنہٕ کانٛہہ تعلق۔
1289,سُہ اوس واریاہ وقتہٕ دٔریاو کِس بٔڑِس پٮ۪ٹھ بٲتھ ۔
1290,تُہۍ سٕنٛدۍ جملہٕ گژھ معنی دار۔
1291,سگریٹ ننہٕ چھ صحتس نقصان دہ۔
1292,عوام ہیٚکہ مشہوٗر قلعہٕ وٗچھتھ ۔
1293,اتہ گژھنس چھنہٕ یہ ضروٗرت۔
1294,مےٚ چھُ پتاہ زِ سۄ چھس بہٕ پسند کران۔
1295,یہِ کٔرِو کابینہ پیٹھ۔
1296,گلوکارن ہٕنٛزِ فوجس آو گرم استقبال دِنہٕ۔
1297,حالات چھ مےٚ یہ کرنہٕ خٲطرٕ مجبور کران۔
1298,دیوار سجاوٹ کرنہٕ خٲطرٕ چھ ہمن رنگین چِلکن ہنٛز ضروٗرت۔
1299,تٔمۍ کٔر بانان وزن کرنہٕ خٲطرٕ پیمانک استعمال۔
1300,دۄشوٕنی مُلک ٲسۍ نسلی خطوطن پیٹھ تقسیم کرنہٕ آمٕتۍ۔
1301,تٔمۍ کٔر ڈایمنڈ سٹڈڈ رِنگ حٲصِل۔
1302,امہ سافٹ ویئر کس تخلیق کارس آو تعریف کرنہٕ۔
1303,مےٚ بٲتھ اوس یونیورسٹی منٛز کیمسٹری پروفیسر۔
1304,انلن کٔر آئی آئی ٹی کانپور پیٹھٕ گریجویشن۔
1305,تٔمۍ سٕنٛدۍ تبصرٕ ٲس غلط وقتس پیٹھ۔
1306,سکوٗٹر گُزریو تِکیٛازِ بریک آو اچانک بند کرنہٕ۔
1307,سردی دور تھونہٕ خٲطرٕ کٔرِو کوٹہٕ دۄگنہٕ فول۔
1308,یہٕ حادثہٕ گوٚو پانٛژھ بجہٕ۔
1309,ییٚلہ زلزلہٕ اتھ علاقس منٛز آو، واریاہ لوٗکھ آیہ ییٚتہ زندٕ دفن کرنہٕ۔
1310,سہ آو کمپنی ہٕکۍ صدر منتخب کرنہٕ۔
1311,مےٚ چھ شیلف پیٹھ کانٛہہ تہ کتاب ضروٗرت۔
1312,دۄشوٕے عمارتہٕ ٲسہٕ لگ بگ 50 میٹر الگ۔
1313,مےٚ آو مایوسی ہٕنٛدس ورٹکس منٛز جذب کرنہٕ۔
1314,حادثس منٛز گٔیہ ترٛےٚ نفر مارنہٕ۔
1315,گون چھ مقٲمی باشندن پیٹھ حکوٗمت کران ۔
1316,پارکس منٛز اوس لڑکۍ خوشی سان گنٛدان۔
1317,تۄہہِ خٲطرٕ اوس از صبح پوسٹ۔
1318,تٔمۍ کوٚر دفترُک انچارج ییٚلہِ آفیسر دور اوس۔
1319,مےٚ چھ کینٛہہ لۄکٹہٕ کاغذٕچ ضروٗرت۔
1320,اچانک دٲخل گژھنہٕ خٲطرٕ کٔرِو برٛونٛہہ لعنت۔
1321,پرنسپلَن کوٚر اجتماعٕچ خیرمقدم۔
1322,تخلیقی صلاحیتہٕ چھنہٕ تمام کوششن منٛز کامیاب گژھنٕچ ضمانت ۔
1323,سۄ چھ سست تہٕ درست پٲٹھۍ کٲم کران۔
1324,فیکٹری منٛز اوس افرادی قوتٕچ کمی۔
1325,سُہ ہوٹل یَتھ منٛز ہم روزان ٲس، اوس بالکل ٹپ ٹاپ۔
1326,یہ معاملہٕ ہیٚکہ وزیر اعظم سٕنٛز ساکھ خراب کٔرتھ۔
1327,تِم چِھ کُنہِ تہِ انتخاب کران، تہِ گژھِ تِمن ہنٛدِس فٲصلہٕ قبول کرُن ۔
1328,تٔمۍ دِیُت پننِس کورَس سۄنُک سکہٕ۔
1329,ڈرائیونگ دوران زیادٕ تھکاوٹ ہیٚکہ قتل کٔرتھ۔
1330,تٔمِس اوس شک زِ سۄ چِھ أمِس پیٹھ طنز کران ۔
1331,کرکٹ چھ ہندوستانک ساروٕے کھۄتہٕ مشہوٗر کھیل۔
1332,تِم آیہِ مٲلِکَس خٕلاف دعوٕ كرنہٕ باپت دستخط کرنہٕ خٲطرٕ قناعت دِنہٕ ۔
1333,ہم چھِ ژورِم منزلَس پٮ۪ٹھ روزان۔
1334,تٔمۍ کٔر مےٚ پٮ۪ٹھ واریاہ خراب چال۔
1335,کورَو کٔر پننین بیگ تبدیل۔
1336,ہم روُد أکِس شاندار ہوٹلَس منٛز ۔
1337,أمس چھ دٔچھنہِ أچھس منٛز بصری معذوری۔
1338,بہٕ چھس نہٕ صرف پنٕنۍ کٲم بچاونہٕ خٲطرٕ تٔمۍ سٕتہِ ٹوڈٕ کٔرتھ تیار۔
1339,بندوقہٕ چلاونہٕ ینہٕ وٲلۍ آواز چھ مےٚ خوف زدہ کران۔
1340,چائےہس منٛز چُھ شوگر شٲمل کرنہٕ ییلہٕ یہِ بٔنٛڈنہٕ خٲطرٕ یوان چھُ۔
1341,تِم چِھ نہٕ کانٛہہ تہِ مگر جنگ کرن والین ہُنٛد اکھ گروپ۔
1342,تٔمِس پٮ۪ٹھ گوٚو یہِ زِ تٔمہِ اوس تٔمس پیٹھ خیانت کٔرمٕژ۔
1343,کانگریس مٲلِس کٔر کل پنٕنۍ تقریر۔
1344,مےٚ چھ یہ خوبصورت بلی پسند۔
1345,آگہِ سۭتۍ گٔیہِ واریاہ نقصان۔
1346,بہٕ کٔرِس گۄڈٕ پنٛنہِ ہاتھ صاف۔
1347,نوٚو پروفیسر چھ پننس رویہٕ منٛز واریاہ آزاد۔
1348,یہِ حٲصِل کرنہٕ خٲطرٕ کٔرِو ہم لگاتار کوشش۔
1349,سُہ چھُ وُنہِ چینَس منٛز ہندوستانُک سفیر قرار دِنہٕ آمُت۔
1350,براڈکاسٹنگ سٹیشن چُھ شہر نش دور واقع۔
1351,تٔمۍ چھ روایتی بٲتھ گیون پسند کران۔
1352,مےٚ چھ تمۍ سٕنٛدۍ خیالات مضحکہ خیز مانان۔
1353,کل چُھ تٔمۍ سٕنٛز وۄنٛسہِم زینٛگی۔
1354,تحفہٕ چِھ شُرین ہمیشہٕ استقبال کران ۔
1355,یِمَن دۄہَن چھِ واریاہ لُکھ امنیشیا ہُنٛد شکار گٔمٕتۍ۔
1356,سُہ گوٚو اکھ خطرناک انفیکشنُک شکار۔
1357,تٔمۍ سٕنٛدِ سٲلہِ کوٚر تٔمہِ سٕنٛزِ ٹیوشنُک حصہٕ ادا کرنہٕ خٲطرٕ رضامندی۔
1358,پرٛونن ہُنٛد اکھ گلہٕ کٔر اکہِ وِزِ پرواز۔
1359,سۄ ٲس نہٕ أمۍ سٕنٛدس سوالس جواب دنہٕ یژھان۔
1360,مےٚ چھ أکِس دۄہس منٛز واپس گژھنہٕ یِوان۔
1361,تٔمۍ کٔر پنن فیس رٹنہٕ خٲطرٕ اتفاق۔
1362,تُہۍ ہیٚکِو فارنٕچ کھلٲوِنہِ جایہٕ پٮ۪ٹھٕ کٔرِتھ ۔
1363,وۄنۍ چھ اکھ دۄہ، پرٛیتھ چیز میکانیز کرنُک رجحان۔
1364,بہٕ چھس کیکُک بیاکھ اکھ ٹکڑا یژھان۔
1365,میڈیاہن کوٚر اتھ واقعس پیٹھ وسیع پیمانس پیٹھ کوریج۔
1366,امہ مشہوٗر بٲتھُک کمپوزر چھُ اکھ نوجوان۔
1367,تٔمس چھ شاعری نقل کرنک اکھ خاص انداز۔
1368,اَمہِ پٮ۪ٹھ چھُ کٔرِتھ کٔنٛسہِ جایہِ یِنہٕ یِوان۔
1369,مھربٲنی کٔرۍ کاغذس پیٹھ خالی جگہہٕ پٔکۍ۔
1370,توہہِ کٔرِو نہٕ یِتھہٕ کمزوری!
1371,مےٚ اوس نہٕ نتٲئجن متعلق پریشان۔
1372,مےٚ چھ سافٹ ویئر لوڈ کرٕنۍ۔
1373,سُہ چُھ مٔلکَس منٛز پِلہٕ ماران۔
1374,تٔمۍ سٕنٛدِس پُرتس ٲسۍ خوبصورت فرج۔
1375,کیا مےٚ چھ ویزا ہٕنٛز ضروٗرت؟
1376,سُہ اوس روان تِکیازِ تٔمِس اوس پننِس ٹانگَس منٛز درد۔
1377,ہمو کٔر دیوالی خٲطرٕ شیشہٕ بلبہٕ حٲصل۔
1378,بہٕ کٔرِتھ تٔمۍ سٕنٛدِ پرس۔
1379,سُہ اوس پنٛنس فتحس سۭتۍ خوش۔
1380,ییلہٕ تٔمہِ خوفناک خبر وٕچھنہٕ آیہِ تٔمِس بیہوش گوٚو۔
1381,سہ اوس تحریکک ورچوئل لیڈر۔
1382,گولڈن کٔر تٔمۍ سٕنٛدس ہاتھس پٮ۪ٹھ لٹہٕ۔
1383,تۄہہِ کٔرِو مےٚ اپلیکیشن؟
1384,اَمہِ مکان چھُ مغربَس مُتعلِق۔
1385,فساد چھ عام عوامس نقصان رسوان۔
1386,مےٚ چھنہٕ پیاز پسند۔
1387,یہِ سڑکہٕ چھٗ واریاہ برابر ۔
1388,تِم چھِ اکھ وورٹیکس منٛز حرکت کران ۔
1389,تٔمس چھُنہٕ وۄنۍ کانٛہہ معاوضہٕ حٲصل کٔرمٕژ۔
1390,ہندوستانس منٛز چھ حکمرانی ہنٛد اکھ جمہوری نظام۔
1391,ٹائر اوس ہیرے تہٕ موتیو سۭتۍ لگاونہٕ آمت۔
1392,بہٕ چھس ہمیشہٕ تہنٛز۔
1393,أکِس پارٹی منٛز واریاہ برٛونٛہہ واتناونہٕ چھُنہٕ سرد۔
1394,تٔمۍ سُنٛد مقٲمی طرز چھُ پرٛیتھ کٲنسہِ طرفہٕ پسند گژھان۔
1395,سچ اوس واریاہ تکلیف دہ ۔
1396,ہمو کٔر تٔمۍ سٕنٛدس اخراجس پیٹھ ردعمل۔
1397,مےٚ چُھ پنٛنہِ بیٚیہِ حٲصل کرنہٕ خٲطرٕ ہوٲیی اڈس گژھنہٕ یِوان۔
1398,نمک چُھ وٲلس منٛز۔
1399,بہٕ وُچھِم نٔتیٖج ٹیلی گرافہٕ ذریعہٕ۔
1400,درحقیقت، تم ٲسۍ سیٲسی جنگ خٲطرٕ پونٛسہٕ جمع کران۔
1401,مےٚ بٲی چھ پننس پیٹھہٕ فلیٹس منٛز روزان۔
1402,کیریلاہس منٛز چھ آبٲدی ہنٛز کثافت واریاہ زیادٕ۔
1403,نٔوِ گھر چھُ قبضہٕ خٲطرٕ تیار۔
1404,گیزر چھ کم وقتس منٛز آب گرم کرنہٕ خٲطرٕ اکھ مناسب آلہٕ۔
1405,سُہ چُھ ہمیشہٕ پنٛنہِ کامیٲبی ہِنٛدِس بارس منٛز آواز نِوان۔
1406,شُرٕ سُنٛد رُود کٔر تٔمِس بیدٕ۔
1407,کٮ۪نٛہہ کُلۍ چھِ آبہِ ہِنٛدِس مٔلکَس منٛز روزنٕچ قٲبل۔
1408,تہنٛد فٹ بال کوچ چھ ٹیمچ تربیت کران۔
1409,یہ فیصلہٕ آو صِرف مٲلی معاملن خٲطرٕ کرنہٕ۔
1410,مےٚ ہیٚکہ نہٕ گاڑہٕ مارنہٕ نش بچٲوِتھ۔
1411,تِمو ترٛوو یہِ گھر دۄہ ؤری برٛونٛہہ۔
1412,سرکٲرۍ دفترن منٛز چھ زیادٕ بدعنوانی۔
1413,تِم ٲسہِ کرکٹ بخارٕ سٕتہِ ۔
1414,یہِ جایہٕ چُھ دھماکہٕ خیز مواد جمع کرنہٕ خٲطرٕ مخصوص۔
1415,سۄ ہیٚکہ نہٕ وۄنۍ پنٕنۍ ہنٛسہٕ تھٲوِتھ۔
1416,تۄہہ گژھن نہٕ اتھ عقلمند منصوبہٕ پیٹھ کانٛہہ اعتراض۔
1417,سڑکہٕ چُھ پہاڑس طرفہٕ وسان۔
1418,مہربٲنی کٔرِو تارک زٕ بنڈل حٲصل کٔرو۔
1419,سۄ ٲس پننِس کِی چین وٲلِتھ ۔
1420,تٔمِس گوٚو کار حادثہٕ۔
1421,أمس چھ اکھ پرکشش شخصیت۔
1422,وائرُک دۄشوٕنی ٲخٕر کٔرِو لوپَس منٛز۔
1423,پننین فرضن پیٹھ نظر انداز کٔرِو نہٕ۔
1424,تٔمۍ کٔر پننِس مرضی سۭتۍ استعفی۔
1425,بہٕ کرٕ پنٕنۍ پونٛسہٕ بینکس منٛز جمع۔
1426,یہ چھ خالص آب۔
1427,اتھ کمرس منٛز چھ واریاہ مچھر۔
1428,تٔمۍ سٕنٛز زٲنتھ گوٚو اکھ اصل اشارہ۔
1429,سۄ کٔر تٔمِس حٲرِف ییٚلہِ سۄ جلدی ووت۔
1430,بہٕ چھس جھوٹ ونانس نفرت کران۔
1431,مختلف لباس ٲسہِ ۔
1432,ارکانن آو شاعر سٕنٛز شاندار موجودگی سۭتۍ اعزاز دِنہٕ۔
1433,سُہ چُھ أکِس ٹیرسَس منٛز گَرِتھ روزان۔
1434,جہازُک اہم فریم چُھ تیار۔
1435,تٔمہِ لیوٗکھ پننِس خیالُک خلاصہٕ کرنہٕ خٲطرٕ کُنہِ چیز ۔
1436,آس پاس چھ اکھ سکول۔
1437,کیپٹن سُنٛد آواز اوس زینان۔
1438,کیا توہہِ ہیٚکِو کُلیٚن آب کٔرِتھ؟
1439,مےٚ گوٚو جادو شو خٲطرٕ ٹکٹ گۄڈٕ کٔرمٕتۍ۔
1440,تۄہہِ گژھِ تِہس تام واتنہٕ خٲطرٕ اکھ ذریعہٕ ژھٲرِتھ ۔
1441,پننین گاڑین چھ پنن ماحول آلودٕ کرنہٕ خٲطرٕ ذمہٕ دار۔
1442,سگریٹ ننہٕ سۭتۍ چھ ہوا خراب گژھان۔
1443,سُہ اوس اکھ خوبصورت مینٹ لٲگِتھ۔
1444,ہم آسہٕ تقریباً 11:00 بجہ گھرس منٛز۔
1445,برفُک رنگ چُھ سفید۔
1446,سکوُل کٔر جلدٕ تعمیرک کام مکمل۔
1447,سۄ گوٚو مغربی طرفہٕ سفر۔
1448,سُہ چُھ اطالوی منٛز کٲم کرن وول اکھ فرانسیسی شہری۔
1449,تٔمۍ سٕنٛدۍ ٹانگ ٲسہٕ کمزور۔
1450,پروگرام آسہٕ دویمہ ہفتس منٛز مُختم کرنہٕ۔
1451,قاتلن اوس نہٕ کانٛہہ پتہ ترٛاونہٕ آمت۔
1452,تٔمۍ کٔر ضرورت مندن مدد کرنہٕ خٲطرٕ رضا کارانہٕ۔
1453,تٔمۍ کوٚر مےٚ کینٛہہ پونٛسہٕ قرض۔
1454,تٔمۍ سٕنٛدِ شور گوٚو آوازس منٛز تبدیل۔
1455,یہِ چُھ جانورن ہُند اکھ طبقہٕ یَتھ منٛز کمزور ٹانگہٕ چِھ۔
1456,ججَن دِیُت تٔمۍ سٕنٛدِ دعوٕچ اجازت۔
1457,تٔمۍ سٕنٛز ساروٕے کھۄتہٕ زیٛادٕ خوف اوس یہ ز سۄ گژھ پنٕنۍ نوکری ہاران۔
1458,سہ چھ ہسپتالس منٛز پننہ زندگی سۭتۍ لڑان۔
1459,یہِ دٔلیٖل آیہِ شعرَس منٛز لیکھنہٕ۔
1460,تٔمۍ کٔر پنٕنہِ کٲمَس منٛز شٲمِل گژھِتھ غمَس پٮ۪ٹھ فتح۔
1461,مےٚ چھنہٕ میٹنگک مقصد زانان۔
1462,تٔمہِ ہِنٛدِس مُصیبتہٕ پٮ۪ٹھ نیرنہٕ خٲطرٕ گژھِ تٔمۍ سٕنٛدِ وٲنٛسہِ۔
1463,یہِ چھُنہٕ سیکھنُک آسان کامہٕ۔
1464,جدید دور چھ ٹیکنالوجی ہنٛد دور۔
1465,سُہ اوس پُلِیس کِس وسیلہٕ ذٔریعہٕ پننین رشتہ دارن ہُنٛد پتہ لگاونہٕ خٲطرٕ قٲبل۔
1466,جانورن چھ عام طور نارُک خوف آسان۔
1467,تۄہہِ سٕنٛدِ ہتھیارٕ چھِ مےٚ کھۄتہٕ خراب۔
1468,تِم گٔیہ کینٛہہ دۄہ برٛونٛہہ سفرس پیٹھ۔
1469,پرٛیتھ کانٛہہ چھ تمۍ سٕنٛدۍ اچانک طرز عمل ناپسند کران۔
1470,استادن چھ پنٛنس پٮ۪ٹھ پرٛیتھ ڈرامہ منٛز اکھ کردار تفویض کوٚرمُت۔
1471,تٔمۍ کٔر دوپہرٕ کھیٚنہٕ پتہٕ ترٛےٚ گلاس آب۔
1472,یہ خبر گوٚو ہمس منز صدمہٕ۔
1473,تِم چھنہٕ نایلن ریشہٕ سۭتۍ بناونہٕ آمٕتہِ پلو کٔرِتھ ۔
1474,تٔمہِ ٲسۍ جڑواں ۔
1475,بہٕ چھس وۄنۍ شورس عادت گژھان۔
1476,پرٛژھ روُد وٲنِتھ ۔
1477,شُرین چھِ فزیولوجیکل تبدیلیہٕ گژھان ۔
1478,شامس منٛز گوٚو موسم واریاہ خراب۔
1479,سۄ ٲس پیٚلۍ پُرٕ پَنٛسہٕ لٲگِتھ یَتھ پیٹھ سبز مَچہٕ ٲسہِ۔
1480,بہٕ گژھس ہمیشہٕ تۄہہِ مےٚ وٗچھنہٕ آمتِس احسان خٲطرٕ شُکریہٕ دِوان۔
1481,مےٚ چھ کل ٹیسٹ۔
1482,بہٕ چھس پننس پٮ۪ٹھ واریاہ قرض ادا کران۔
1483,تٔمہِ چِھ وسطی قد ۔
1484,مےٚ ٹورپڈ بٲی چھ پوٗرٕ دۄہ سوفاہس پیٹھ آرام کران۔
1485,آیہ بیٚیہ ٲخری مصرع گیون۔
1486,بحثس منٛز ٲسۍ ترٛین اہم مسلن پیٹھ توجہ مرکوز کرنہٕ آمٕژ۔
1487,تمہِ سٕنٛدِس آوازس منٛز اوس تھکاوٹ۔
1488,مےٚ چھ مختلف خیالات۔
1489,تٔمۍ کٔر پننس دوستس سلام۔
1490,سۄ چھےٚ نہٕ وۄنۍ یِوان۔
1491,مےٚ گوٚو پنُن توازن کھوژان تہٕ گٔیہ واپس۔
1492,سۄ چھ اکھ خادمہٕ۔
1493,مرکزی دروازٕچ ناو پلیٹ آیہ پھٹنہٕ۔
1494,سُہ اوس واریاہ وقتہٕ دٔریاو کِس بٔڑِس پٮ۪ٹھ بٲتھ ۔
1495,لۄکٹین شُرین چھِ روک تھامٕکہِ تدبیرہٕ پٲٹھۍ پولیو ڈراپ دِنہٕ یوان۔
1496,مےٚ چھ کینٛہہ سبزی خریدنہٕ خٲطرٕ بازار گژھنہٕ یوان۔
1497,تٔمِس اوس نہٕ تٔمہِ سٕنٛدِس ذٔریعہٕ شرارتک حٲصِل۔
1498,بجلی بند گژھنہٕ سۭتۍ گوٚو یہ علاقہٕ تاریک۔
1499,مساجن کٔر درد کم کرنس منٛز مدد۔
1500,سُہ گُزریو آنتن ہٕنٛدِ رکاوٹہٕ سۭتۍ۔
1501,سُہ ہیٚکہ بورڈس پیٹھ کرکٹ میچُک سکور وُچھتھ۔
1502,تٔمۍ کٔر ہانگ کانگ پیٚٹھٕ اکھ نٔو کیمرا حٲصل۔
1503,طبی لحاظہٕ چُھ سُہ سفر کرنہٕ خٲطرٕ قٲبل۔
1504,اوہ، یہٕ چُھ واریاہ مشکل!
1505,ٹیبلَس پٮ۪ٹھ کٔرِو سفید کپڑا پھہلنہٕ ۔
1506,تٔمہِ کٔر أکِس زیٹھِس ڈراٹس منٛز پنُن کپ دودھ خالی۔
1507,تُہۍ ہیٚکِو پننِس سہولتس پیٹھ یِتھ ۔
1508,توہہِ چھِو نظریات دان؟
1509,آسمان چھ نیل رنگس منٛز۔
1510,مےٚ کوٚر أکس شہوت انگیز زنانس سۭتۍ خانٛدر۔
1511,تٔمۍ چُھ سوچان زِ اگر سُہ غلطی تسلیم کٔرِ تیٚلہِ گژھِ تٔمہِ وُچھنہٕ ۔
1512,جانورن ٲسۍ میدانی طرفہٕ ژلان۔
1513,کینٛہہ بینک چھ چھٹی ہٮ۪ن تہِ کٲم کران۔
1514,تٔمۍ سٕنٛدۍ بدسلوکی کٔر تٔمہِ سنٛد خانٛدر شرمس منٛز۔
1515,فلمہ منٛز چُھ تھیسپین اکھ نٔوِ کمر۔
1516,کائناتس منٛز چھ اکھ عالمگیر طاقت حکمرٲنی کران۔
1517,أکِس نفرٕ سٕنٛدِ نقصان چھُ بیٛاکھ نفر سُنٛد حٲصِل۔
1518,سُہ چُھ ٹیمُک کپتان قرار دنہٕ آمُت۔
1519,ٲخری قسطہٕ ییہ کل ہاونہٕ۔
1520,اَمہِ مسلس پٮ۪ٹھ چُھ گۄڈٕ بحث کرنہٕ یِوان۔
1521,سُہ چُھ پنٕنۍ گاڑۍ واریاہ تیزی سان چلاوان۔
1522,یہ نظریہٕ اوس مےٚ خٲطرٕ پوٗرٕ پٲٹھۍ متضاد۔
1523,ٹیڈی ریچھ چھِ محبوب کھلٲڑۍ۔
1524,مےٚ اوس نہٕ اتہ زیادٕ پیوان۔
1525,سُہ چُھنہٕ کانٛہہ پرتشدد نفر۔
1526,مےٚ نظرس منٛز اوس یہ وقتٕچ ضایع۔
1527,سُہ اوس سڑکہٕ پٮ۪ٹھ کُن وٕچھن وول ۔
1528,زیٛادٕ چڑھُن کٔر ہمس پوٗرٕ پٲٹھۍ باد۔
1529,مےٚ سٕنٛدۍ بٲتھ کوٚر بہٕ اکھ تفریحی دٔلیٖل ونان۔
1530,تم چھ اکثر اکہ پٲٹھۍ سوچان۔
1531,یہ مہم ٲس مسلہٕ متعلق عوٲمی شعور بڑاونہٕ خٲطرٕ ڈیزائن کرنہٕ آمٕژ۔
1532,ہتھیارن ہنٛد استعمال گژھُن منع کرنہٕ۔
1533,تٔمۍ سٕنٛدۍ کتابہٕ آیہ غٲر ارادٕ تباہ کرنہٕ۔
1534,یہٕ چُھ نہٕ پورٕ پٲٹھہٕ منصفانہٕ۔
1535,وضاحت کرنہٕ آمت منزلہٕ چھ نہٕ واتنہٕ یِوان۔
1536,اسلم سنٛد مول چُھ اکھ چانڈلر۔
1537,بہٕ گژھ دِلہِ ٹرینہِ ذریعہٕ۔
1538,کیا تۄہہِ چھِ فلکیاتس پٮ۪ٹھ کانٛہہ کتاب؟
1539,مقصدٕچ رپورٹ آیہ نہٕ تعریف کرنہٕ۔
1540,سُہ چُھنہٕ ذہنی طور فٹ ۔
1541,تٔمۍ سٕنٛز بیٹ آیہِ گراؤنڈ کرنہٕ۔
1542,شمٲلس منٛز چھ ونٛد سخت آسان۔
1543,کمپنی چھ اکھ نوٕ پالیسی پیش کٔرمٕژ۔
1544,پوسٹ آفسس منٛز اوس اکھ زیٹھ قطار۔
1545,بہٕ چھس نہٕ پننین ساتھین سۭتۍ ذٲتی معاملن پیٹھ کتھ کران۔
1546,سُہ گوٚو تٔمۍ سٕنٛدِ مرنہٕ کِس سالگرس پٮ۪ٹھ تَتھ۔
1547,چلو گلوکار سٕنٛدِس پرفارمنس منٛز شرکت کٔرِتھ۔
1548,مےٚ چھ فہرستس منٛز پانٛژھ ناو۔
1549,بہٕ چھس تۄہہ وُچھنہٕ سۭتۍ واریاہ خوش۔
1550,تٔمۍ چھ موجودہ تعلیمی نظامک اہم جائزہٕ پیش کٔرمٕژ۔
1551,فوٹو خٲطرٕ اوس تٔمۍ سٕنٛد پوز بہترین۔
1552,سُہ چُھ اکھ کاشتکار۔
1553,یہِ خط آو از ڈاکس منٛز۔
1554,ہم ٲسۍ نیبر آفتابس منٛز نشٲوِتھ ۔
1555,مریمَن کٔر تٔمۍ سٕنٛدۍ خط ژوُر تہٕ تھٲوِ تِم جیبَس منٛز۔
1556,سُہ چُھ اکثر خصوصی ریستورانن منٛز یوان۔
1557,اتھ کھینس منٛز چھ ضروری وٹامن تہٕ معدنیات آسان۔
1558,تمہِ سٕنٛدِس گَرس منٛز چھِ ژور کمہٕ تہٕ اکھ ہال ۔
1559,تٔمۍ سٕنٛدِس مٲلس ووٚن زِ کٔرِو ہمیشہٕ شجٲرت تہٕ سچ۔
1560,تٔمۍ کٔر بس سٹاپس پیٹھ انتظار۔
1561,شُرین ہُنٛد خیال تھونہٕ خٲطرٕ چھُ تۄہہ شُکریہٕ دِوان۔
1562,بیٚیہ پروگرام آسہٕ وۄنۍ نشر کرنہٕ۔
1563,مےٚ چھ 1000 رۄپہٕ کریڈٹ بیلنس۔
1564,تٔمۍ کٔر پننِس خٕلاف وارِیاہ حملہٕ شروع۔
1565,مےٚ ہیٚکہ نہٕ کل کلاسس منٛز شرکت کٔرِتھ۔
1566,آکسیجن چھُ سُہ گیس یُس ہم سانس چھِ تھوان۔
1567,اتھ تقریبس کٔر عوٲمی رأیُک رجحان تبدیل۔
1568,تٔمۍ کوٚر پننس نیچو خوش کرنہٕ خٲطرٕ اکھ سفرک انتظام۔
1569,ترٛےٚ چھ اکھ عجیب عدد۔
1570,ہمو کٔر بیٖم اکہٕ سۭتۍ ویلڈ۔
1571,تٔمہِ چُھ پارکس وسطس منٛز اکھ میموسا کُلہٕ لگٲومُت۔
1572,سۄ چھےٚ اکھ اصل لۄکٕٹہ کورہٕ۔
1573,تم چھ یِنہٕ خٲطرٕ تیار۔
1574,یہٕ چھنہٕ اکھ بوٚڑ معاملہٕ۔
1575,ٲخٕرۍ ٲس اکھ پریشان کن مسلہٕ خراب گٔمٕژ۔
1576,تٔمۍ کٔر پروجیکٹ کٲم بٔڑس عزمس سۭتۍ شروٗع۔
1577,دروازس پٮ۪ٹھ گوٚو اکھ عجیب مرد۔
1578,تۄہہ گژھن نہٕ اتھ عملس مزید تاخیر کٔرِتھ۔
1579,بہٕ چھس صرف اکھ چاکلیٹ یژھان۔
1580,مےٚ ہیٚکہ نہٕ گاڑہٕ مارنہٕ نش بچٲوِتھ۔
1581,ریسلرَن کٔرِ حریفَس أکِس پُنچَس سۭتۍ زِیٛادٕ۔
1582,سُہ چُھ مےٚ عزیز نیٚچو۔
1583,خوبصورت پھول ٲسۍ دیوارس برٛونٛہہ۔
1584,سرحدن پٮ۪ٹھ چھ فوجک اکھ بوٚڑ مجموعہٕ۔
1585,ڈائریکٹر بورڈن کٔر اکھ نوٕ پالیسی تیار۔
1586,تٔمۍ سُنٛد دل چُھ کمزور ۔
1587,تِم گٔیہ تٔمۍ سٕنٛدس خیمس منٛز داخل۔
1588,واشنگ مشینس چھ اکھ بھاری موٹر آسان۔
1589,تمن ہنٛد تعلق اوس باہمی اعتمادس پیٹھ مبنی۔
1590,سۄ چھےٚ نارمل محسوس کران۔
1591,سۄ چھ مختلف زبانن ہٕنٛدس علمہٕ خٲطرٕ فٲیدٕ۔
1592,کورِ چھِ پِچَر گَرَس پٮ۪ٹھ تھاوان۔
1593,تُہۍ ہیٚکِو یہِ کتاب تھٲوِتھ یُس ٹیبلَس پیٹھ چھُ۔
1594,سۄ ٲس أمس استقبال کرنہٕ خٲطرٕ تیٚلہ۔
1595,تٔمِس چُھ پننٮ۪ن پَنَن پٮ۪ٹھ مَسلہٕ تراونہٕ یِوان۔
1596,یہ ڈیزائن چھ واریاہ دلکش۔
1597,مےٚ وُچھنہٕ بوٚزَن منٛز اکھ لُک۔
1598,تٔمۍ سُنٛد کمرہ نمبر چھُ نۄہ۔
1599,سونامی چھُ آسنہٕ یِوان، لہٰذا کٔرِو پلیز انتباہ۔
1600,کبیر چُھ فلسفیانہٕ بحثن منٛز حصہٕ نِنہٕ خٲطرٕ دلچسپی تھوان۔
1601,تٔمۍ چھ تمام قٕسمٕکۍ کتابہٕ پسند کران۔
1602,ملازم چھ تنخواہ بڑاونک مطالبہٕ کران۔
1603,مےٚ بیگُک ہینڈل چھُ وۄلِتھ آمُت۔
1604,اَمہِ کٹہِ چِھ اکھ نِشہِ بناوٹ ۔
1605,گرم گژھنس پیٹھ گوٚو شیشہٕ پھٹ۔
1606,سُہ چُھ أکس اصل خاندانس سۭتۍ تعلق تھاوان۔
1607,مےٚ آو یقین دِنہٕ زِ یِم شرائط آیہ جلدٕ تنظیم کرنہٕ۔
1608,بہٕ کٔرِس تۄہہ ترٛٮ۪ن پٮ۪ٹھ کال۔
1609,کتابہِ ہُنٛد پانژھِم باب چھُ دراصل مصنف سٕنٛدِ دلیلُک گوشت۔
1610,الیکٹران چھ ایٹمن منٛز لبنہٕ یوان۔
1611,یِم چھِ کرسٹاسین زٲژَن ہٕنٛزِ ۔
1612,ڈاکٹرن کوٚر مےٚ نیٚدنس منٛز مدد کرنہٕ خٲطرٕ کینٛہہ گولہٕ تجویز۔
1613,تیرو کٔر تٔمۍ سٕنٛدس دٔچھنس منٛز پوٗرٕ لٹہٕ۔
1614,تِم چھِ کٮ۪ن ہٕنٛدِ خانٛدر بناونٕچ کوٗشش کران۔
1615,اتھ کٹلس چھ اکھ نوٚو عنصرچ ضروٗرت۔
1616,مےٚ کوٚر تٔمِس ترٛےٚ لٹہِ فون مگر تمِس آو نہٕ جواب۔
1617,یہِ چھُ ؤرِیہِ ہُنٛد ژوُرِم سیزن۔
1618,بہٕ چھس تۄہہ یہ حکم دِوان زِ تُہۍ گژھن نہٕ۔
1619,سُہ چُھ نہٕ کانٛہہ تہ شر برداشت کران ۔
1620,سُہ چُھ اکھ کریک سپاہ۔
1621,بہٕ کٔرِس اَکھ گٲنٛٹہٕ تام بازارَس منٛز گَرِتھ۔
1622,ہمیں چھ مسلہٕ کس بنیٲدی وجہ سۭتۍ نمٹنہٕ یوان۔
1623,ازُک فٹ بال میچ چُھ فرانس بمقابلہ برازیل۔
1624,مےٚ ہیٚکہِ اندھس منٛز اچانک روشنی ہُنٛد اکھ چمک وُچھتھ۔
1625,طالب علم ٲسہِ کلاس رومس طرفہٕ فائل کران ۔
1626,مےٚ گوٚو خانٛدرٕ کس تقریبس منٛز اکھ اصل آرکیسٹرا۔
1627,کیلہٕ کٔرِو آہستہٕ پٲٹھۍ پلنکس منٛز ۔
1628,پُلیٖسَس ٲس أمہِ سٕنٛزِ گرفتاری ہُنٛد وارنٹ۔
1629,پنٛنہِ کاروبار برقرار تھونہٕ خٲطرٕ گژھِ یہِ قدم نِنہٕ۔
1630,تٔمۍ سٕنٛدۍ دٔلیٖل ٲس واریاہ تکلیف دہ۔
1631,تدفینس منٛز ٲسۍ لوٗکن ہُنٛد بٔڑ تعداد۔
1632,پوٗرٕ مُلک چھُ خۄش گژھان۔
1633,حیدرآبادس منٛز واریاہن ؤرین پتہٕ آو سُہ دِلہِ منز تعینات کرنہٕ۔
1634,بہٕ گوٚو تٮ۪تھ پٮ۪ٹھ۔
1635,عمارتہٕ اوس بلند قوسہٕ سۭتۍ شاندار وُچھان۔
1636,سُہ چُھ شامٕچ نماز خٲطرٕ گوٚمت۔
1637,زیادٕ تر ڈیلہٕ چِھ فونہٕ ذٔریعہٕ کرنہٕ یوان۔
1638,اتھ بندوقس چھ اکھ زیٹھ بور آسان۔
1639,تُہۍ سُہ چُھ جزوی طور صحیح۔
1640,امیر تہٕ غریبس درمیان چھ اکھ بوٚڑ خلیج۔
1641,سرد ہواو کٔر تٔمہِ سٕنٛدِس بٲنہِ پٮ۪ٹھ لٹہٕ۔
1642,کورس خٲطرٕ چُھ پار 62۔
1643,مےٚ ہیٚکہ کیفیٹریاہس منٛز اکھ کپ چائے پیتھ۔
1644,سمندرس منٛز موج وٕچھنہٕ چھ خوشگوار۔
1645,سیٲسی پارٹیو کوٚر الیکشن برٛونٛہہ پنٕنۍ پروپیگنڈہٕ مکمل طور شروع۔
1646,سُہ چُھ مےٚ موتُک دُشمن بنان۔
1647,مےٚ چھ پنٕنۍ بائیسکل درست کرنٕچ ضرورت۔
1648,سُہ پرٛون مندر چھُ کُلَن درمیان پوشیدہ۔
1649,سُہ چُھ پننِس آزاد وقتس منٛز وایلن گنٛدان۔
1650,اتھ علاقس منٛز چھ 70 فیصد کھۄتہٕ زیادٕ خاندانن اکھ ٹیلی فون۔
1651,اتھ منٛز ٲس کرنٹ، کھجور تہٕ سلطانہٕ۔
1652,تہنٛد بنیٲدی اہلیت چھ اتھ کٲم خٲطرٕ موزوں۔
1653,تٔمِس آو وحشی طور حملہٕ کرنہٕ تہٕ تٔمس گٔیہِ سرس پیٹھ زخمی۔
1654,یہ اوس اکھ اچانک کارروائی۔
1655,کٲمس متعلق چھٗنہٕ تُہنٛد رویہٕ مناسب ۔
1656,تُہۍ ہیٚکو ٹیلی فونہٕ ذٔریعہٕ کیک آرڈر کٔرتھ۔
1657,یِم پھول چھِ خوبصورت ۔
1658,مےٚ چھ اکھ خوش گھریلو زندگی۔
1659,کپس منٛز لۄکٹ نِک گوٚو بٔڑ۔
1660,باسان چُھ زِ تِہنٛدِس معٲشی ترقی منٛز چھنہٕ کانٛہہ تہِ رفتار۔
1661,تٔمۍ کٔر پرٛٮ۪تھ کس برٛونٛہہ تس بے عزتی۔
1662,بہٕ چھس کھیتن پٮ۪ٹھ گھماوان پسند کران ۔
1663,سۄ چھ اکھ ماڈل۔
1664,سُہ چُھ کمانڈر بننہٕ خٲطرٕ کمزور۔
1665,مریض اوس پوٗرٕ دوپہرٕ ژھٲرِتھ۔
1666,تۄہہِ چِھ میچ زیننہٕ یِوان۔
1667,اتھ پروجیکٹس منٛز چھ اکھ مختلف تنخواہٕ ڈھانچہٕ۔
1668,سُہ چُھ مناسبیتُک احساس ظٲہِر کران۔
1669,تمو کٔر پننین مٲلۍ گھر واپس گژھنہٕ برٛونٛہہ پارٹی۔
1670,کٔرِو تۄہہِ ساروٕے کھۄتہٕ زِیٛادٕ مُطٲبِق لباس۔
1671,یہ اوس اکھ منٹ پارٹیکل مگر أچھس اوس واریاہ زخمی۔
1672,تٔمۍ کٔر ونڈو پٮ۪ٹھٕ نیران ۔
1673,سُہ چُھ کاروبار نفع بخش اندازس منٛز چلاوان۔
1674,تہنٛدۍ اثاثہٕ چھ مائع۔
1675,مےٚ خٲطرٕ چھ سہ اکھ حقیقی تھور بیک۔
1676,تٔمۍ کٔر کٹھنہٕ ونٛڈو ہٕنٛز نشاندہی۔
1677,ہمسایہ سٕنٛدِس گھرس پٮ۪ٹھ گوٚو اکھ دٔرِتھ وٲلۍ آواز۔
1678,سُہ اوس واریاہ مایوس۔
1679,سہ چھ شمٲلی لندنس منٛز روزان۔
1680,سۄ چھےٚ عام طور دیر گژھان۔
1681,تِم چِھ اکھ کھلے آڈیٹوریمس منٛز ڈرامہ ادا کرن یژھان۔
1682,کیا تُہۍ ہیٚکِو یہِ ٹوٚٹہٕ چیٖر ٹھیک کٔرتھ؟
1683,تِم چھِ واریاہ مُمکِن زِ کارہِ ذریعہٕ یِوان۔
1684,کیا تہنز الرجی چھ بہتر گژھان؟
1685,زنانہٕ چھ مردانہٕ کھوتہٕ کم جرائم کران۔
1686,یہِ مُلک چھٗ تِمن تمام مُلکن ہنٛز حمایت کران یِم غیر جانبدار چھِ ۔
1687,چور گوٚو دیوارس پٮ۪ٹھ چھلان۔
1688,شُرٮ۪ن چھِ نٮ۪و زبانن ہٕنٛدِ علم حٲصِل کرنہٕ خٲطرٕ زبردست فٲصلہٕ۔
1689,یہ لڑکہٕ گوٚو بحری فوجس منٛز شٲمل۔
1690,زنانہٕ چھِ بلیک کلہٕ پٮ۪ٹھۍ خوبصورت پوٹ بناوان۔
1691,سُہ چُھ اکھ پاگل نفر۔
1692,تُہۍ سُنٛد آواز چھُ فونَس پٮ۪ٹھ پھٹان۔
1693,مےٚ سُہ پرٛون دوست اوس موسیقی ہس منٛز اکھ معصوُر۔
1694,منصوبہٕ اوس اصلی واریاہ مختلف۔
1695,یہ چھ اکھ ورجن زمین۔
1696,تٔمۍ کوٚر بلبس اکھ موڑنہٕ وائر سۭتۍ جڑان۔
1697,یِم پرٛچھ چھِ بہارَس منٛز نسل کَران۔
1698,ڈرائیور گوٚو اچانک دٔچھن طرفہٕ۔
1699,سُہ چُھ شرٹس تحت ویسٹ لٲگِتھ ۔
1700,امتحان دہندہ اوس واریاہ اچھا۔
1701,تٔمۍ سُنٛد پُر اوس اکھ روشن رنگ۔
1702,اتھ مسلہٕ حل کرنہٕ خٲطرٕ چھ اکھ فارمولا۔
1703,سُہ چُھ مضبوط بناونہٕ آمُت تہٕ چھُ زیٛادٕ بال۔
1704,تٔمۍ تھٲو لاش میٹس پیٹھ۔
1705,بہٕ چھس چاول کھٮ۪وان۔
1706,تٔمۍ سُنٛد مقصد اوس تۄہہ زخمی کرن۔
1707,آگہِ کٔر گھر تباہ ۔
1708,یونیورسٹی منٛز آو اکھ کانفرنس منعقد کرنہٕ۔
1709,تٔمۍ کٔر رکاوٹس درمیان پنٕنۍ کٲم جٲری۔
1710,سُہ چُھ اکھ بدصورت شخص!
1711,یہ چھ واضح ز سُہ چُھ أمِس نفرت کران۔
1712,پننین عزادارن ہیرنہٕ پتہٕ کوٚر تٔمۍ پننس دلس منٛز اکھ خلاء محسوس۔
1713,سُہ چُھ میچس منٛز فاینلس تام ووتمُت۔
1714,کمپنی ہنز آمدنی ٲس 38 لکھ۔
1715,بہٕ چھس تۄہہ کھۄتہٕ بوٚڑ۔
1716,بہٕ چھس یہ کٲم کٔرتھ یژھان۔
1717,تٔمۍ سٕنٛزِ مٲلِمَن دِیُت تٔمہِ گِنٛدنُک اجازت۔
1718,تٔمۍ کٔر ڈایس کس کھیلس منٛز پنٕنۍ تمام نقد رقم ضٲرٕ۔
1719,مےٚ دوست چھ واریاہ خود غرض۔
1720,تٔمۍ سٕنٛدۍ تمام ضرورت ٲس پورٕ کرنہٕ آمٕژ۔
1721,سُہ چُھ اکھ مشہوٗر ٹرمپٹ کھلٲڑۍ۔
1722,مےٚ چھُ ساز موسیقی کھۄتہٕ زیادٕ وائک موسیقی پسند۔
1723,87 وٲنٛسہِ منٛز چھےٚ سۄ وِم تہٕ طاقتُک پوٗرٕ۔
1724,یہ قلم چھُ تٔمہِ سُنٛد۔
1725,یہ وضاحت چھ واریاہن سوالن منٛز کم۔
1726,تِم ٲسہِ ہتھیارن سۭتۍ بھریٚنہٕ آمٕتۍ ۔
1727,بہٕ ہیٚکہٕ پانس سنٛد خیال تھٲوِتھ۔
1728,سُہ چھُ اکھ رضاکار۔
1729,ویسلس چُھ اکھ زیٹھ پتلی جسم یتھ منٛز مختصر ٹانگہٕ چِھ ۔
1730,سُہ اوس نشہٕ دار ۔
